DATE,VALUE
2017-04-28,48.450001
2017-04-27,48.080002
2017-04-26,48.400002
2017-04-25,48.290001
2017-04-24,47.889999
2017-04-21,47.73
2017-04-20,47.25
2017-04-19,47.599998
2017-04-18,47.25
2017-04-17,47.02
2017-04-13,46.849998
2017-04-12,46.799999
2017-04-11,47.029999
2017-04-10,46.490002
2017-04-07,46.23
2017-04-06,46.380001
2017-04-05,46.41
2017-04-04,46.299999
2017-04-03,46.5
2017-03-31,46.52
2017-03-30,46.799999
2017-03-29,46.52
2017-03-28,46.330002
2017-03-27,45.919998
2017-03-24,46.650002
2017-03-23,46.130001
2017-03-22,45.610001
2017-03-21,47.0
2017-03-20,46.619999
2017-03-17,46.73
2017-03-16,46.599998
2017-03-15,46.549999
2017-03-14,46.41
2017-03-13,46.099998
2017-03-10,46.200001
2017-03-09,45.869999
2017-03-08,45.849998
2017-03-07,45.5
2017-03-06,45.610001
2017-03-03,45.880001
2017-03-02,46.02
2017-03-01,45.889999
2017-02-28,45.57
2017-02-27,45.450001
2017-02-24,45.139999
2017-02-23,46.040001
2017-02-22,45.470001
2017-02-21,45.220001
2017-02-17,44.950001
2017-02-16,45.650002
2017-02-15,45.029999
2017-02-14,45.380001
2017-02-13,45.080002
2017-02-10,45.150002
2017-02-09,44.950001
2017-02-08,44.5
2017-02-07,44.43
2017-02-06,43.619999
2017-02-03,43.900002
2017-02-02,43.630001
2017-02-01,44.25
2017-01-31,43.779999
2017-01-30,44.220001
2017-01-27,44.540001
2017-01-26,44.830002
2017-01-25,44.110001
2017-01-24,43.650002
2017-01-23,41.950001
2017-01-20,42.330002
2017-01-19,42.049999
2017-01-18,42.150002
2017-01-17,42.060001
2017-01-13,42.110001
2017-01-12,42.34
2017-01-11,42.27
2017-01-10,41.889999
2017-01-09,41.169998
2017-01-06,41.25
2017-01-05,40.310001
2017-01-04,39.0
2017-01-03,39.110001
2016-12-30,38.720001
2016-12-29,38.759998
2016-12-28,39.119999
2016-12-27,38.59
2016-12-23,38.459999
2016-12-22,38.689999
2016-12-21,39.080002
2016-12-20,38.400002
2016-12-19,38.66
2016-12-16,38.619999
2016-12-15,40.0
2016-12-14,41.439999
2016-12-13,41.349998
2016-12-12,41.450001
2016-12-09,41.52
2016-12-08,40.66
2016-12-07,39.98
2016-12-06,40.310001
2016-12-05,40.02
2016-12-02,39.77
2016-12-01,41.0
2016-11-30,41.619999
2016-11-29,41.43
2016-11-28,40.849998
2016-11-25,41.080002
2016-11-23,40.91
2016-11-22,41.200001
2016-11-21,41.439999
2016-11-18,41.48
2016-11-17,41.34
2016-11-16,40.099998
2016-11-15,39.610001
2016-11-14,40.360001
2016-11-11,39.84
2016-11-10,41.549999
2016-11-09,40.439999
2016-11-08,40.970001
2016-11-07,41.169998
2016-11-04,39.959999
2016-11-03,40.619999
2016-11-02,41.799999
2016-11-01,41.130001
2016-10-31,42.029999
2016-10-28,42.029999
2016-10-27,42.310001
2016-10-26,42.259998
2016-10-25,42.720001
2016-10-24,42.5
2016-10-21,42.099998
2016-10-20,42.689999
2016-10-19,42.299999
2016-10-18,42.040001
2016-10-17,41.349998
2016-10-14,42.040001
2016-10-13,42.0
2016-10-12,42.599998
2016-10-11,43.869999
2016-10-10,43.360001
2016-10-07,43.259998
2016-10-06,43.639999
2016-10-05,43.23
2016-10-04,43.200001
2016-10-03,42.950001
2016-09-30,42.740002
2016-09-29,43.169998
2016-09-28,43.400002
2016-09-27,42.43
2016-09-26,42.380001
2016-09-23,43.5
2016-09-22,43.939999
2016-09-21,42.889999
2016-09-20,43.240002
2016-09-19,43.919998
2016-09-16,43.939999
2016-09-15,43.41
2016-09-14,42.91
2016-09-13,43.189999
2016-09-12,42.279999
2016-09-09,43.919998
2016-09-08,44.07
2016-09-07,44.549999
2016-09-06,43.5
2016-09-02,43.27
2016-09-01,42.779999
2016-08-31,42.459999
2016-08-30,42.279999
2016-08-29,42.200001
2016-08-26,42.150002
2016-08-25,41.830002
2016-08-24,42.5
2016-08-23,42.610001
2016-08-22,42.84
2016-08-19,42.799999
2016-08-18,42.689999
2016-08-17,42.389999
2016-08-16,42.299999
2016-08-15,43.18
2016-08-12,41.279999
2016-08-11,41.119999
2016-08-10,39.34
2016-08-09,39.240002
2016-08-08,39.0
2016-08-05,39.0
2016-08-04,38.470001
2016-08-03,38.43
2016-08-02,38.599998
2016-08-01,38.18
2016-07-29,38.470001
2016-07-28,38.580002
2016-07-27,38.66
2016-07-26,38.07
2016-07-25,39.200001
2016-07-22,38.900002
2016-07-21,39.009998
2016-07-20,38.360001
2016-07-19,37.77
2016-07-18,37.68
2016-07-15,38.16
2016-07-14,37.849998
2016-07-13,37.990002
2016-07-12,38.0
2016-07-11,37.439999
2016-07-08,37.529999
2016-07-07,37.57
2016-07-06,37.43
2016-07-05,37.68
2016-07-01,37.560001
2016-06-30,36.889999
2016-06-29,36.25
2016-06-28,35.580002
2016-06-27,35.869999
2016-06-24,36.400002
2016-06-23,37.639999
2016-06-22,37.369999
2016-06-21,37.369999
2016-06-20,37.27
2016-06-17,37.43
2016-06-16,37.389999
2016-06-15,37.43
2016-06-14,36.630001
2016-06-13,36.700001
2016-06-10,36.970001
2016-06-09,36.82
2016-06-08,36.84
2016-06-07,36.900002
2016-06-06,36.669998
2016-06-03,37.110001
2016-06-02,36.66
2016-06-01,37.25
2016-05-31,37.73
2016-05-27,36.880001
2016-05-26,36.130001
2016-05-25,36.630001
2016-05-24,36.849998
2016-05-23,36.459999
2016-05-20,36.049999
2016-05-19,36.939999
2016-05-18,37.09
2016-05-17,37.439999
2016-05-16,37.029999
2016-05-13,36.91
2016-05-12,37.389999
2016-05-11,37.279999
2016-05-10,37.169998
2016-05-09,36.970001
2016-05-06,36.549999
2016-05-05,37.060001
2016-05-04,35.810001
2016-05-03,36.25
2016-05-02,36.650002
2016-04-29,36.509998
2016-04-28,36.84
2016-04-27,37.52
2016-04-26,37.32
2016-04-25,37.470001
2016-04-22,37.5
2016-04-21,37.919998
2016-04-20,37.099998
2016-04-19,36.459999
2016-04-18,36.240002
2016-04-15,37.130001
2016-04-14,37.470001
2016-04-13,36.939999
2016-04-12,36.650002
2016-04-11,36.380001
2016-04-08,36.849998
2016-04-07,35.860001
2016-04-06,36.400002
2016-04-05,36.700001
2016-04-04,36.549999
2016-04-01,36.540001
2016-03-31,36.509998
2016-03-30,36.610001
2016-03-29,35.049999
2016-03-28,35.389999
2016-03-24,34.450001
2016-03-23,35.43
2016-03-22,34.68
2016-03-21,35.0
2016-03-18,34.540001
2016-03-17,33.880001
2016-03-16,33.029999
2016-03-15,33.32
2016-03-14,33.75
2016-03-11,33.290001
2016-03-10,33.59
2016-03-09,33.09
2016-03-08,33.66
2016-03-07,33.68
2016-03-04,32.91
2016-03-03,32.709999
2016-03-02,32.810001
2016-03-01,32.040001
2016-02-29,31.309999
2016-02-26,31.68
2016-02-25,30.74
2016-02-24,30.41
2016-02-23,31.200001
2016-02-22,30.65
2016-02-19,30.190001
2016-02-18,29.559999
2016-02-17,29.469999
2016-02-16,27.98
2016-02-12,27.120001
2016-02-11,26.459999
2016-02-10,27.110001
2016-02-09,26.639999
2016-02-08,27.610001
2016-02-05,29.059999
2016-02-04,27.91
2016-02-03,28.450001
2016-02-02,29.32
2016-02-01,29.27
2016-01-29,29.1
2016-01-28,30.59
2016-01-27,29.9
2016-01-26,29.76
2016-01-25,29.959999
2016-01-22,29.969999
2016-01-21,28.75
2016-01-20,28.98
2016-01-19,29.84
2016-01-15,29.280001
2016-01-14,29.690001
2016-01-13,30.889999
2016-01-12,30.58
2016-01-11,30.65
2016-01-08,30.51
2016-01-07,30.969999
2016-01-06,31.67
2016-01-05,31.549999
2016-01-04,32.119999
2015-12-31,33.220001
2015-12-30,33.849998
2015-12-29,33.630001
2015-12-28,33.900002
2015-12-24,34.189999
2015-12-23,34.240002
2015-12-22,32.990002
2015-12-21,33.119999
2015-12-18,33.099998
2015-12-17,33.810001
2015-12-16,33.150002
2015-12-15,32.529999
2015-12-14,32.939999
2015-12-11,34.009998
2015-12-10,34.490002
2015-12-09,35.799999
2015-12-08,34.240002
2015-12-07,34.759998
2015-12-04,34.34
2015-12-03,35.59
2015-12-02,35.0
2015-12-01,33.869999
2015-11-30,33.029999
2015-11-27,32.790001
2015-11-25,32.77
2015-11-24,33.09
2015-11-23,33.0
2015-11-20,32.860001
2015-11-19,33.209999
2015-11-18,32.889999
2015-11-17,33.009998
2015-11-16,32.23
2015-11-13,32.779999
2015-11-12,33.200001
2015-11-11,34.209999
2015-11-10,33.450001
2015-11-09,34.07
2015-11-06,34.939999
2015-11-05,35.02
2015-11-04,34.889999
2015-11-03,35.150002
2015-11-02,35.459999
2015-10-30,35.139999
2015-10-29,34.869999
2015-10-28,34.299999
2015-10-27,34.970001
2015-10-26,33.130001
2015-10-23,32.650002
2015-10-22,31.26
2015-10-21,32.060001
2015-10-20,33.490002
2015-10-19,33.259998
2015-10-16,33.639999
2015-10-15,32.419998
2015-10-14,32.279999
2015-10-13,32.560001
2015-10-12,32.709999
2015-10-09,32.349998
2015-10-08,31.790001
2015-10-07,31.309999
2015-10-06,30.790001
2015-10-05,30.799999
2015-10-02,28.620001
2015-10-01,28.950001
2015-09-30,28.65
2015-09-29,28.58
2015-09-28,29.030001
2015-09-25,29.66
2015-09-24,29.469999
2015-09-23,30.559999
2015-09-22,30.780001
2015-09-21,31.200001
2015-09-18,30.51
2015-09-17,31.309999
2015-09-16,31.139999
2015-09-15,29.719999
2015-09-14,30.68
2015-09-11,31.09
2015-09-10,31.35
2015-09-09,30.4
2015-09-08,32.200001
2015-09-04,32.0
2015-09-03,31.860001
2015-09-02,32.009998
2015-09-01,31.49
2015-08-31,32.91
2015-08-28,33.32
2015-08-27,33.360001
2015-08-26,32.459999
2015-08-25,32.98
2015-08-24,29.02
2015-08-21,33.580002
2015-08-20,34.77
2015-08-19,35.669998
2015-08-18,35.779999
2015-08-17,36.240002
2015-08-14,35.82
2015-08-13,35.080002
2015-08-12,34.290001
2015-08-11,36.740002
2015-08-10,36.869999
2015-08-07,36.52
2015-08-06,37.34
2015-08-05,37.32
2015-08-04,36.610001
2015-08-03,36.669998
2015-07-31,37.560001
2015-07-30,37.5
2015-07-29,37.919998
2015-07-28,37.639999
2015-07-27,38.310001
2015-07-24,39.580002
2015-07-23,39.299999
2015-07-22,38.57
2015-07-21,39.610001
2015-07-20,39.98
2015-07-17,39.189999
2015-07-16,38.700001
2015-07-15,38.509998
2015-07-14,38.650002
2015-07-13,38.25
2015-07-10,38.349998
2015-07-09,38.23
2015-07-08,37.200001
2015-07-07,38.240002
2015-07-06,38.759998
2015-07-02,39.259998
2015-07-01,39.459999
2015-06-30,39.389999
2015-06-29,39.490002
2015-06-26,40.830002
2015-06-25,41.099998
2015-06-24,40.68
2015-06-23,40.740002
2015-06-22,40.66
2015-06-19,40.900002
2015-06-18,41.040001
2015-06-17,40.799999
2015-06-16,40.349998
2015-06-15,40.240002
2015-06-12,40.77
2015-06-11,42.09
2015-06-10,41.700001
2015-06-09,41.919998
2015-06-08,42.720001
2015-06-05,42.830002
2015-06-04,43.09
2015-06-03,43.299999
2015-06-02,43.18
2015-06-01,43.049999
2015-05-29,43.450001
2015-05-28,43.060001
2015-05-27,42.599998
2015-05-26,43.41
2015-05-22,43.580002
2015-05-21,43.060001
2015-05-20,42.279999
2015-05-19,44.380001
2015-05-18,44.52
2015-05-15,45.0
2015-05-14,44.529999
2015-05-13,44.029999
2015-05-12,44.299999
2015-05-11,43.82
2015-05-08,44.34
2015-05-07,44.93
2015-05-06,41.310001
2015-05-05,41.860001
2015-05-04,42.5
2015-05-01,42.549999
2015-04-30,43.119999
2015-04-29,43.880001
2015-04-28,44.34
2015-04-27,44.650002
2015-04-24,43.73
2015-04-23,43.919998
2015-04-22,44.580002
2015-04-21,45.150002
2015-04-20,44.73
2015-04-17,45.299999
2015-04-16,45.82
2015-04-15,45.459999
2015-04-14,44.82
2015-04-13,45.25
2015-04-10,45.790001
2015-04-09,45.700001
2015-04-08,43.860001
2015-04-07,43.790001
2015-04-06,43.82
2015-04-02,44.240002
2015-04-01,44.450001
2015-03-31,44.82
2015-03-30,45.360001
2015-03-27,45.200001
2015-03-26,43.779999
2015-03-25,44.59
2015-03-24,44.639999
2015-03-23,45.25
2015-03-20,45.369999
2015-03-19,44.900002
2015-03-18,43.580002
2015-03-17,43.540001
2015-03-16,42.93
2015-03-13,42.84
2015-03-12,42.700001
2015-03-11,42.77
2015-03-10,42.57
2015-03-09,43.599998
2015-03-06,43.98
2015-03-05,44.18
2015-03-04,42.080002
2015-03-03,43.700001
2015-03-02,44.060001
2015-02-27,44.380001
2015-02-26,44.599998
2015-02-25,43.209999
2015-02-24,43.450001
2015-02-23,43.990002
2015-02-20,44.299999
2015-02-19,43.650002
2015-02-18,43.560001
2015-02-17,44.369999
2015-02-13,44.119999
2015-02-12,43.07
2015-02-11,43.18
2015-02-10,42.900002
2015-02-09,42.610001
2015-02-06,43.57
2015-02-05,44.080002
2015-02-04,44.799999
2015-02-03,45.099998
2015-02-02,44.43
2015-01-30,43.75
2015-01-29,43.560001
2015-01-28,49.799999
2015-01-27,49.139999
2015-01-26,49.57
2015-01-23,48.740002
2015-01-22,48.43
2015-01-21,47.599998
2015-01-20,46.790001
2015-01-16,46.060001
2015-01-15,47.540001
2015-01-14,47.700001
2015-01-13,49.150002
2015-01-12,49.919998
2015-01-09,50.279999
2015-01-08,48.990002
2015-01-07,49.619999
2015-01-06,49.200001
2015-01-05,49.709999
2015-01-02,50.66
2014-12-31,51.540001
2014-12-30,50.349998
2014-12-29,50.669998
2014-12-26,50.650002
2014-12-24,50.189999
2014-12-23,51.459999
2014-12-22,50.990002
2014-12-19,51.060001
2014-12-18,50.93
2014-12-17,49.02
2014-12-16,49.5
2014-12-15,50.419998
2014-12-12,49.540001
2014-12-11,49.540001
2014-12-10,50.330002
2014-12-09,48.75
2014-12-08,50.52
2014-12-05,51.029999
2014-12-04,50.189999
2014-12-03,50.709999
2014-12-02,50.27
2014-12-01,51.43
2014-11-28,51.869999
2014-11-26,51.560001
2014-11-25,51.98
2014-11-24,51.25
2014-11-21,51.990002
2014-11-20,50.599998
2014-11-19,51.240002
2014-11-18,52.279999
2014-11-17,51.830002
2014-11-14,50.52
2014-11-13,50.959999
2014-11-12,49.330002
2014-11-11,48.57
2014-11-10,48.799999
2014-11-07,47.900002
2014-11-06,47.369999
2014-11-05,47.619999
2014-11-04,45.990002
2014-11-03,46.049999
2014-10-31,46.16
2014-10-30,45.209999
2014-10-29,45.939999
2014-10-28,45.009998
2014-10-27,43.310001
2014-10-24,42.529999
2014-10-23,42.400002
2014-10-22,42.419998
2014-10-21,39.650002
2014-10-20,38.470001
2014-10-17,38.740002
2014-10-16,36.950001
2014-10-15,37.27
2014-10-14,38.66
2014-10-13,39.52
2014-10-10,40.73
2014-10-09,40.900002
2014-10-08,41.0
2014-10-07,41.060001
2014-10-06,41.200001
2014-10-03,40.790001
2014-10-02,40.240002
2014-10-01,40.66
2014-09-30,40.580002
2014-09-29,40.41
2014-09-26,39.009998
2014-09-25,39.560001
2014-09-24,39.259998
2014-09-23,38.150002
2014-09-22,39.77
2014-09-19,42.439999
2014-09-18,43.049999
2014-09-17,42.369999
2014-09-16,42.610001
2014-09-15,43.98
2014-09-12,41.73
2014-09-11,41.02
2014-09-10,41.049999
2014-09-09,42.009998
2014-09-08,40.34
2014-09-05,39.049999
2014-09-04,39.139999
2014-09-03,39.490002
2014-09-02,38.900002
2014-08-29,38.57
2014-08-28,38.09
2014-08-27,38.299999
2014-08-26,37.759998
2014-08-25,38.139999
2014-08-22,37.700001
2014-08-21,37.650002
2014-08-20,37.610001
2014-08-19,37.560001
2014-08-18,36.77
2014-08-15,36.200001
2014-08-14,36.32
2014-08-13,35.959999
2014-08-12,35.799999
2014-08-11,36.099998
2014-08-08,35.73
2014-08-07,36.0
2014-08-06,35.580002
2014-08-05,36.32
2014-08-04,35.709999
2014-08-01,35.689999
2014-07-31,36.259998
2014-07-30,35.939999
2014-07-29,35.91
2014-07-28,36.23
2014-07-25,36.0
2014-07-24,35.09
2014-07-23,33.779999
2014-07-22,33.48
2014-07-21,33.349998
2014-07-18,33.18
2014-07-17,33.82
2014-07-16,34.419998
2014-07-15,35.720001
2014-07-14,35.799999
2014-07-11,34.950001
2014-07-10,34.330002
2014-07-09,34.68
2014-07-08,35.639999
2014-07-07,36.150002
2014-07-03,36.07
2014-07-02,35.619999
2014-07-01,35.5
2014-06-30,34.93
2014-06-27,33.849998
2014-06-26,33.25
2014-06-25,33.380001
2014-06-24,33.790001
2014-06-23,34.130001
2014-06-20,34.810001
2014-06-19,35.139999
2014-06-18,34.669998
2014-06-17,34.799999
2014-06-16,35.0
2014-06-13,36.880001
2014-06-12,36.5
2014-06-11,36.25
2014-06-10,35.869999
2014-06-09,35.860001
2014-06-06,35.060001
2014-06-05,34.790001
2014-06-04,34.48
2014-06-03,34.799999
2014-06-02,34.689999
2014-05-30,34.919998
2014-05-29,34.900002
2014-05-28,35.150002
2014-05-27,35.0
2014-05-23,34.849998
2014-05-22,34.599998
2014-05-21,34.0
2014-05-20,33.990002
2014-05-19,33.41
2014-05-16,33.66
2014-05-15,34.18
2014-05-14,34.48
2014-05-13,34.43
2014-05-12,33.990002
2014-05-09,34.009998
2014-05-08,33.880001
2014-05-07,35.990002
2014-05-06,36.939999
2014-05-05,36.68
2014-05-02,36.59
2014-05-01,36.259998
2014-04-30,35.889999
2014-04-29,34.369999
2014-04-28,34.669998
2014-04-25,35.029999
2014-04-24,35.82
2014-04-23,36.080002
2014-04-22,36.709999
2014-04-21,36.599998
2014-04-17,36.290001
2014-04-16,36.98
2014-04-15,33.93
2014-04-14,33.549999
2014-04-11,32.639999
2014-04-10,34.880001
2014-04-09,34.189999
2014-04-08,33.099998
2014-04-07,34.110001
2014-04-04,36.009998
2014-04-03,36.66
2014-04-02,36.68
2014-04-01,36.16
2014-03-31,36.459999
2014-03-28,35.77
2014-03-27,35.5
2014-03-26,36.240002
2014-03-25,37.0
2014-03-24,38.0
2014-03-21,38.099998
2014-03-20,38.369999
2014-03-19,39.66
2014-03-18,39.0
2014-03-17,39.0
2014-03-14,36.689999
2014-03-13,38.049999
2014-03-12,37.209999
2014-03-11,38.25
2014-03-10,38.630001
2014-03-07,39.709999
2014-03-06,39.599998
2014-03-05,39.830002
2014-03-04,38.759998
2014-03-03,37.650002
2014-02-28,38.549999
2014-02-27,37.799999
2014-02-26,37.349998
2014-02-25,37.48
2014-02-24,37.23
2014-02-21,37.900002
2014-02-20,37.830002
2014-02-19,38.060001
2014-02-18,38.310001
2014-02-14,38.43
2014-02-13,37.919998
2014-02-12,38.599998
2014-02-11,38.150002
2014-02-10,38.0
2014-02-07,36.650002
2014-02-06,35.650002
2014-02-05,35.599998
2014-02-04,35.110001
2014-02-03,35.939999
2014-01-31,34.689999
2014-01-30,34.889999
2014-01-29,35.77
2014-01-28,36.830002
2014-01-27,37.599998
2014-01-24,38.669998
2014-01-23,39.310001
2014-01-22,39.66
2014-01-21,39.98
2014-01-17,40.119999
2014-01-16,40.43
2014-01-15,41.060001
2014-01-14,40.209999
2014-01-13,41.16
2014-01-10,40.950001
2014-01-09,41.330002
2014-01-08,41.290001
2014-01-07,40.080002
2014-01-06,40.049999
2014-01-03,40.16
2014-01-02,40.369999
2013-12-31,40.169998
2013-12-30,40.459999
2013-12-27,40.720001
2013-12-26,41.0
2013-12-24,40.91
2013-12-23,40.25
2013-12-20,40.389999
2013-12-19,40.040001
2013-12-18,39.529999
2013-12-17,39.990002
2013-12-16,39.970001
2013-12-13,39.610001
2013-12-12,39.02
2013-12-11,39.900002
2013-12-10,38.919998
2013-12-09,39.130001
2013-12-06,39.240002
2013-12-05,38.240002
2013-12-04,36.470001
2013-12-03,36.77
2013-12-02,37.040001
2013-11-29,36.91
2013-11-27,36.700001
2013-11-26,36.32
2013-11-25,36.779999
2013-11-22,36.189999
2013-11-21,36.23
2013-11-20,35.43
2013-11-19,35.029999
2013-11-18,35.650002
2013-11-15,35.799999
2013-11-14,35.07
2013-11-13,33.82
2013-11-12,34.0
2013-11-11,33.57
2013-11-08,32.23
2013-11-07,32.990002
2013-11-06,33.07
2013-11-05,33.029999
2013-11-04,33.200001
2013-11-01,33.150002
2013-10-31,32.43
2013-10-30,33.330002
2013-10-29,33.07
2013-10-28,32.09
2013-10-25,32.310001
2013-10-24,33.16
2013-10-23,33.759998
2013-10-22,34.240002
2013-10-21,33.650002
2013-10-18,33.169998
2013-10-17,32.880001
2013-10-16,33.900002
2013-10-15,34.200001
2013-10-14,33.799999
2013-10-11,33.669998
2013-10-10,33.490002
2013-10-09,33.07
2013-10-08,34.459999
2013-10-07,34.459999
2013-10-04,33.959999
2013-10-03,34.32
2013-10-02,34.150002
2013-10-01,33.360001
2013-09-30,33.040001
2013-09-27,33.330002
2013-09-26,31.65
2013-09-25,31.4
2013-09-24,30.549999
2013-09-23,31.030001
2013-09-20,31.049999
2013-09-19,30.530001
2013-09-18,30.01
2013-09-17,29.639999
2013-09-16,29.639999
2013-09-13,29.469999
2013-09-12,29.719999
2013-09-11,29.379999
2013-09-10,29.43
2013-09-09,28.32
2013-09-06,28.35
2013-09-05,28.1
2013-09-04,27.700001
2013-09-03,27.379999
2013-08-30,27.389999
2013-08-29,27.030001
2013-08-28,26.9
2013-08-27,27.24
2013-08-26,27.99
2013-08-23,28.299999
2013-08-22,27.6
2013-08-21,27.09
2013-08-20,26.92
2013-08-19,27.27
2013-08-16,27.0
2013-08-15,27.83
2013-08-14,28.190001
2013-08-13,28.379999
2013-08-12,27.549999
2013-08-09,27.41
2013-08-08,27.549999
2013-08-07,27.309999
2013-08-06,27.67
2013-08-05,27.709999
2013-08-02,28.07
2013-08-01,28.35
2013-07-31,27.92
2013-07-30,28.09
2013-07-29,27.950001
2013-07-26,28.0
2013-07-25,27.73
2013-07-24,27.540001
2013-07-23,28.030001
2013-07-22,28.08
2013-07-19,29.41
2013-07-18,29.57
2013-07-17,27.66
2013-07-16,27.299999
2013-07-15,27.469999
2013-07-12,27.08
2013-07-11,26.950001
2013-07-10,26.879999
2013-07-09,25.74
2013-07-08,25.719999
2013-07-05,25.85
2013-07-03,24.84
2013-07-02,25.27
2013-07-01,25.26
2013-06-28,25.43
2013-06-27,25.469999
2013-06-26,25.219999
2013-06-25,24.290001
2013-06-24,24.98
2013-06-21,25.290001
2013-06-20,26.030001
2013-06-19,26.6
2013-06-18,26.57
2013-06-17,26.290001
2013-06-14,26.32
2013-06-13,25.790001
2013-06-12,26.5
2013-06-11,26.43
2013-06-10,27.040001
2013-06-07,26.389999
2013-06-06,25.879999
2013-06-05,26.110001
2013-06-04,26.459999
2013-06-03,26.370001
2013-05-31,26.200001
2013-05-30,25.83
2013-05-29,25.9
2013-05-28,26.65
2013-05-24,25.9
2013-05-23,25.950001
2013-05-22,27.07
2013-05-21,26.9
2013-05-20,26.68
2013-05-17,26.780001
2013-05-16,27.43
2013-05-15,26.629999
2013-05-14,26.75
2013-05-13,26.76
2013-05-10,26.32
2013-05-09,26.41
2013-05-08,26.17
2013-05-07,26.01
2013-05-06,25.049999
2013-05-03,25.129999
2013-05-02,24.34
2013-05-01,24.67
2013-04-30,24.379999
2013-04-29,24.85
2013-04-26,25.139999
2013-04-25,24.93
2013-04-24,24.450001
2013-04-23,23.959999
2013-04-22,23.709999
2013-04-19,23.120001
2013-04-18,23.66
2013-04-17,23.450001
2013-04-16,24.059999
2013-04-15,24.719999
2013-04-12,24.58
2013-04-11,24.41
2013-04-10,24.0
2013-04-09,23.559999
2013-04-08,23.24
2013-04-05,23.18
2013-04-04,23.49
2013-04-03,23.780001
2013-04-02,23.77
2013-04-01,23.309999
2013-03-28,23.629999
2013-03-27,23.540001
2013-03-26,23.459999
2013-03-25,23.41
2013-03-22,22.879999
2013-03-21,22.389999
2013-03-20,22.030001
2013-03-19,22.059999
2013-03-18,21.9
2013-03-15,22.34
2013-03-14,22.469999
2013-03-13,22.48
2013-03-12,22.51
2013-03-11,22.799999
2013-03-08,22.92
2013-03-07,22.92
2013-03-06,23.08
2013-03-05,22.91
2013-03-04,22.370001
2013-03-01,21.360001
2013-02-28,21.059999
2013-02-27,20.809999
2013-02-26,20.68
2013-02-25,21.26
2013-02-22,20.870001
2013-02-21,20.92
2013-02-20,21.309999
2013-02-19,21.030001
2013-02-15,21.15
2013-02-14,21.1
2013-02-13,21.15
2013-02-12,20.940001
2013-02-11,20.440001
2013-02-08,20.379999
2013-02-07,20.1
2013-02-06,19.629999
2013-02-05,19.49
2013-02-04,19.76
2013-02-01,19.77
2013-01-31,19.92
2013-01-30,19.92
2013-01-29,20.870001
2013-01-28,20.5
2013-01-25,20.43
2013-01-24,20.08
2013-01-23,19.98
2013-01-22,19.91
2013-01-18,20.07
2013-01-17,20.139999
2013-01-16,19.91
2013-01-15,19.280001
2013-01-14,19.33
2013-01-11,19.049999
2013-01-10,19.190001
2013-01-09,19.73
2013-01-08,19.32
2013-01-07,19.559999
2013-01-04,19.76
2013-01-03,20.049999
2013-01-02,20.200001
2012-12-31,19.43
2012-12-28,19.440001
2012-12-27,19.540001
2012-12-26,19.700001
2012-12-24,19.450001
2012-12-21,19.49
2012-12-20,19.58
2012-12-19,19.59
2012-12-18,19.719999
2012-12-17,19.719999
2012-12-14,19.4
2012-12-13,19.440001
2012-12-12,19.559999
2012-12-11,19.530001
2012-12-10,19.18
2012-12-07,19.16
2012-12-06,18.780001
2012-12-05,18.98
2012-12-04,18.639999
2012-12-03,18.549999
2012-11-30,18.9
2012-11-29,18.950001
2012-11-28,18.780001
2012-11-27,18.870001
2012-11-26,18.879999
2012-11-23,18.5
2012-11-21,18.24
2012-11-20,18.440001
2012-11-19,18.02
2012-11-16,17.91
2012-11-15,17.82
2012-11-14,17.9
2012-11-13,17.42
2012-11-12,17.18
2012-11-09,17.219999
2012-11-08,17.299999
2012-11-07,17.24
2012-11-06,17.440001
2012-11-05,17.1
2012-11-02,17.0
2012-11-01,16.9
2012-10-31,16.809999
2012-10-26,16.540001
2012-10-25,16.719999
2012-10-24,16.780001
2012-10-23,16.530001
2012-10-22,15.81
2012-10-19,16.0
2012-10-18,16.23
2012-10-17,15.85
2012-10-16,15.82
2012-10-15,15.85
2012-10-12,15.9
2012-10-11,15.94
2012-10-10,15.83
2012-10-09,16.030001
2012-10-08,16.02
2012-10-05,16.27
2012-10-04,16.219999
2012-10-03,16.0
2012-10-02,16.030001
2012-10-01,16.0
2012-09-28,16.01
2012-09-27,15.9
2012-09-26,15.71
2012-09-25,16.09
2012-09-24,15.69
2012-09-21,15.72
2012-09-20,15.76
2012-09-19,15.96
2012-09-18,15.65
2012-09-17,15.81
2012-09-14,15.7
2012-09-13,15.38
2012-09-12,15.3
2012-09-11,15.09
2012-09-10,15.19
2012-09-07,15.12
2012-09-06,15.13
2012-09-05,14.86
2012-09-04,14.64
2012-08-31,14.79
2012-08-30,14.81
2012-08-29,14.73
2012-08-28,14.84
2012-08-27,14.92
2012-08-24,14.82
2012-08-23,14.9
2012-08-22,14.95
2012-08-21,14.95
2012-08-20,14.99
2012-08-17,15.02
2012-08-16,14.81
2012-08-15,14.77
2012-08-14,15.04
2012-08-13,15.03
2012-08-10,15.25
2012-08-09,16.16
2012-08-08,16.15
2012-08-07,16.09
2012-08-06,16.0
2012-08-03,15.89
2012-08-02,15.86
2012-08-01,15.86
2012-07-31,16.0
2012-07-30,16.15
2012-07-27,15.88
2012-07-26,15.69
2012-07-25,15.52
2012-07-24,15.74
2012-07-23,15.7
2012-07-20,15.75
2012-07-19,15.71
2012-07-18,15.64
2012-07-17,15.85
2012-07-16,15.69
2012-07-13,15.7
2012-07-12,15.63
2012-07-11,15.82
2012-07-10,15.83
2012-07-09,15.78
2012-07-06,15.8
2012-07-05,15.9
2012-07-03,15.83
2012-07-02,15.8
2012-06-29,15.61
2012-06-28,15.41
2012-06-27,15.41
2012-06-26,15.4
2012-06-25,15.51
2012-06-22,15.53
2012-06-21,15.74
2012-06-20,15.69
2012-06-19,15.52
2012-06-18,15.33
2012-06-15,15.44
2012-06-14,15.3
2012-06-13,15.47
2012-06-12,15.35
2012-06-11,15.73
2012-06-08,15.52
2012-06-07,15.47
2012-06-06,15.14
2012-06-05,15.0
2012-06-04,14.9
2012-06-01,15.04
2012-05-31,15.23
2012-05-30,15.3
2012-05-29,15.4
2012-05-25,15.4
2012-05-24,15.34
2012-05-23,15.19
2012-05-22,15.58
2012-05-21,16.0
2012-05-18,15.78
2012-05-17,15.26
2012-05-16,15.4
2012-05-15,15.47
2012-05-14,15.48
2012-05-11,14.88
2012-05-10,15.4
2012-05-09,15.17
2012-05-08,15.31
2012-05-07,15.34
2012-05-04,15.25
2012-05-03,15.65
2012-05-02,15.58
2012-05-01,15.51
2012-04-30,15.55
2012-04-27,15.51
2012-04-26,15.44
2012-04-25,15.43
2012-04-24,15.33
2012-04-23,15.41
2012-04-20,15.41
2012-04-19,15.44
2012-04-18,15.4
2012-04-17,14.82
2012-04-16,15.0
2012-04-13,14.99
2012-04-12,14.9
2012-04-11,15.08
2012-04-10,15.08
2012-04-09,15.0
2012-04-05,15.14
2012-04-04,15.15
2012-04-03,15.36
2012-04-02,15.19
2012-03-30,15.37
2012-03-29,15.19
2012-03-28,15.45
2012-03-27,15.53
2012-03-26,15.46
2012-03-23,15.52
2012-03-22,15.51
2012-03-21,15.42
2012-03-20,15.0
2012-03-19,15.08
2012-03-16,14.95
2012-03-15,14.64
2012-03-14,14.54
2012-03-13,14.54
2012-03-12,14.66
2012-03-09,14.63
2012-03-08,14.7
2012-03-07,14.48
2012-03-06,14.61
2012-03-05,14.66
2012-03-02,14.89
2012-03-01,14.89
2012-02-29,14.89
2012-02-28,14.93
2012-02-27,14.74
2012-02-24,14.86
2012-02-23,14.55
2012-02-22,14.68
2012-02-21,15.04
2012-02-17,15.41
2012-02-16,15.25
2012-02-15,15.23
2012-02-14,16.07
2012-02-13,16.129999
2012-02-10,16.02
2012-02-09,16.1
2012-02-08,15.96
2012-02-07,15.84
2012-02-06,15.94
2012-02-03,15.94
2012-02-02,15.76
2012-02-01,15.57
2012-01-31,15.54
2012-01-30,15.61
2012-01-27,15.5
2012-01-26,15.63
2012-01-25,15.6
2012-01-24,15.57
2012-01-23,15.85
2012-01-20,16.110001
2012-01-19,15.9
2012-01-18,15.87
2012-01-17,15.63
2012-01-13,15.65
2012-01-12,15.58
2012-01-11,15.56
2012-01-10,15.57
2012-01-09,15.59
2012-01-06,15.64
2012-01-05,15.6
2012-01-04,16.120001
2012-01-03,16.27
2011-12-30,16.18
2011-12-29,15.95
2011-12-28,16.030001
2011-12-27,16.16
2011-12-23,16.049999
2011-12-22,16.360001
2011-12-21,15.15
2011-12-20,14.68
2011-12-19,14.95
2011-12-16,15.05
2011-12-15,15.21
2011-12-14,15.19
2011-12-13,15.54
2011-12-12,15.71
2011-12-09,15.61
2011-12-08,15.6
2011-12-07,15.82
2011-12-06,15.9
2011-12-05,16.110001
2011-12-02,16.309999
2011-12-01,16.42
2011-11-30,15.9
2011-11-29,15.6
2011-11-28,15.24
2011-11-25,15.0
2011-11-23,15.2
2011-11-22,14.88
2011-11-21,15.19
2011-11-18,15.57
2011-11-17,15.69
2011-11-16,15.8
2011-11-15,15.93
2011-11-14,16.17
2011-11-11,15.96
2011-11-10,16.18
2011-11-09,16.17
2011-11-08,15.87
2011-11-07,15.26
2011-11-04,15.39
2011-11-03,15.2
2011-11-02,15.1
2011-11-01,14.95
2011-10-31,16.059999
2011-10-28,16.41
2011-10-27,16.559999
2011-10-26,16.33
2011-10-25,16.66
2011-10-24,16.57
2011-10-21,16.379999
2011-10-20,16.200001
2011-10-19,16.040001
2011-10-18,15.72
2011-10-17,15.95
2011-10-14,16.129999
2011-10-13,15.76
2011-10-12,15.93
2011-10-11,15.79
2011-10-10,15.86
2011-10-07,15.64
2011-10-06,15.16
2011-10-05,14.66
2011-10-04,14.0
2011-10-03,13.7
2011-09-30,13.21
2011-09-29,14.34
2011-09-28,14.61
2011-09-27,14.92
2011-09-26,14.79
2011-09-23,14.23
2011-09-22,14.2
2011-09-21,14.38
2011-09-20,14.53
2011-09-19,14.76
2011-09-16,15.09
2011-09-15,14.73
2011-09-14,14.47
2011-09-13,14.3
2011-09-12,14.12
2011-09-09,14.36
2011-09-08,13.57
2011-09-07,13.75
2011-09-06,12.52
2011-09-02,13.12
2011-09-01,13.67
2011-08-31,13.91
2011-08-30,13.3
2011-08-29,12.9
2011-08-26,12.8
2011-08-25,13.12
2011-08-24,13.28
2011-08-23,12.91
2011-08-22,13.16
2011-08-19,12.75
2011-08-18,13.02
2011-08-17,13.49
2011-08-16,13.34
2011-08-15,13.63
2011-08-12,12.81
2011-08-11,11.89
2011-08-10,11.77
2011-08-09,11.3
2011-08-08,11.43
2011-08-05,12.08
2011-08-04,12.8
2011-08-03,12.77
2011-08-02,12.96
2011-08-01,13.24
2011-07-29,13.89
2011-07-28,13.6
2011-07-27,13.87
2011-07-26,13.7
2011-07-25,13.84
2011-07-22,13.65
2011-07-21,13.5
2011-07-20,14.15
2011-07-19,14.57
2011-07-18,14.68
2011-07-15,14.75
2011-07-14,14.88
2011-07-13,15.01
2011-07-12,15.01
2011-07-11,15.43
2011-07-08,15.62
2011-07-07,15.78
2011-07-06,15.53
2011-07-05,15.4
2011-07-01,15.08
2011-06-30,14.98
2011-06-29,14.96
2011-06-28,14.95
2011-06-27,14.87
2011-06-24,15.08
2011-06-23,15.08
2011-06-22,15.29
2011-06-21,15.03
2011-06-20,14.66
2011-06-17,14.98
2011-06-16,15.01
2011-06-15,15.01
2011-06-14,15.26
2011-06-13,15.2
2011-06-10,15.27
2011-06-09,15.18
2011-06-08,15.37
2011-06-07,15.54
2011-06-06,15.65
2011-06-03,15.82
2011-06-02,16.0
2011-06-01,16.34
2011-05-31,16.17
2011-05-27,16.030001
2011-05-26,16.18
2011-05-25,16.190001
2011-05-24,16.110001
2011-05-23,16.049999
2011-05-20,16.32
2011-05-19,16.049999
2011-05-18,16.07
2011-05-17,15.88
2011-05-16,16.68
2011-05-13,16.139999
2011-05-12,17.120001
2011-05-11,18.450001
2011-05-10,18.67
2011-05-09,18.6
2011-05-06,18.59
2011-05-05,18.120001
2011-05-04,17.99
2011-05-03,18.23
2011-05-02,17.790001
2011-04-29,17.459999
2011-04-28,17.219999
2011-04-27,17.299999
2011-04-26,17.110001
2011-04-25,17.01
2011-04-21,16.93
2011-04-20,16.700001
2011-04-19,16.209999
2011-04-18,16.35
2011-04-15,16.639999
2011-04-14,16.549999
2011-04-13,16.43
2011-04-12,16.549999
2011-04-11,16.91
2011-04-08,17.08
2011-04-07,16.91
2011-04-06,17.17
2011-04-05,16.809999
2011-04-04,16.9
2011-04-01,16.83
2011-03-31,16.709999
2011-03-30,16.83
2011-03-29,16.6
2011-03-28,17.01
2011-03-25,16.940001
2011-03-24,16.190001
2011-03-23,16.299999
2011-03-22,16.290001
2011-03-21,16.18
2011-03-18,16.1
2011-03-17,16.16
2011-03-16,16.33
2011-03-15,16.66
2011-03-14,17.24
2011-03-11,17.0
2011-03-10,17.299999
2011-03-09,16.889999
2011-03-08,16.74
2011-03-07,17.07
2011-03-04,16.75
2011-03-03,16.85
2011-03-02,16.65
2011-03-01,16.459999
2011-02-28,16.370001
2011-02-25,16.389999
2011-02-24,16.66
2011-02-23,17.030001
2011-02-22,17.08
2011-02-18,17.690001
2011-02-17,17.75
2011-02-16,17.23
2011-02-15,16.799999
2011-02-14,16.84
2011-02-11,16.58
2011-02-10,16.389999
2011-02-09,16.540001
2011-02-08,16.83
2011-02-07,16.809999
2011-02-04,16.74
2011-02-03,16.48
2011-02-02,16.25
2011-02-01,16.33
2011-01-31,15.82
2011-01-28,16.15
2011-01-27,15.58
2011-01-26,15.93
2011-01-25,16.17
2011-01-24,16.0
2011-01-21,16.27
2011-01-20,16.290001
2011-01-19,16.49
2011-01-18,16.620001
2011-01-14,16.67
2011-01-13,16.639999
2011-01-12,16.709999
2011-01-11,16.700001
2011-01-10,16.780001
2011-01-07,17.030001
2011-01-06,16.9
2011-01-05,16.549999
2011-01-04,16.709999
2011-01-03,16.809999
2010-12-31,16.74
2010-12-30,16.6
2010-12-29,16.5
2010-12-28,16.469999
2010-12-27,16.620001
2010-12-23,16.559999
2010-12-22,16.67
2010-12-21,16.309999
2010-12-20,16.379999
2010-12-17,16.51
2010-12-16,16.450001
2010-12-15,16.549999
2010-12-14,16.77
2010-12-13,16.9
2010-12-10,16.969999
2010-12-09,17.120001
2010-12-08,17.01
2010-12-07,16.5
2010-12-06,16.469999
2010-12-03,16.27
2010-12-02,16.200001
2010-12-01,16.0
2010-11-30,16.200001
2010-11-29,16.1
2010-11-26,16.25
2010-11-24,16.309999
2010-11-23,16.34
2010-11-22,16.43
2010-11-19,16.969999
2010-11-18,16.4
2010-11-17,16.209999
2010-11-16,16.450001
2010-11-15,16.559999
2010-11-12,16.65
2010-11-11,16.629999
2010-11-10,17.0
2010-11-09,17.219999
2010-11-08,16.290001
2010-11-05,16.18
2010-11-04,16.309999
2010-11-03,16.209999
2010-11-02,16.290001
2010-11-01,16.5
2010-10-29,16.370001
2010-10-28,16.450001
2010-10-27,16.4
2010-10-26,16.219999
2010-10-25,16.299999
2010-10-22,15.9
2010-10-21,15.9
2010-10-20,15.79
2010-10-19,15.73
2010-10-18,16.200001
2010-10-15,16.17
2010-10-14,16.75
2010-10-13,14.57
2010-10-12,14.36
2010-10-11,14.45
2010-10-08,14.21
2010-10-07,14.6
2010-10-06,14.6
2010-10-05,14.45
2010-10-04,14.2
2010-10-01,14.19
2010-09-30,14.26
2010-09-29,14.36
2010-09-28,14.33
2010-09-27,14.46
2010-09-24,14.3
2010-09-23,13.93
2010-09-22,14.19
2010-09-21,13.94
2010-09-20,13.95
2010-09-17,14.33
2010-09-16,14.2
2010-09-15,14.03
2010-09-14,13.76
2010-09-13,13.83
2010-09-10,13.68
2010-09-09,13.88
2010-09-08,13.66
2010-09-07,13.56
2010-09-03,13.69
2010-09-02,13.33
2010-09-01,13.2
2010-08-31,13.11
2010-08-30,13.27
2010-08-27,13.24
2010-08-26,13.36
2010-08-25,13.29
2010-08-24,13.53
2010-08-23,13.81
2010-08-20,13.85
2010-08-19,13.85
2010-08-18,13.98
2010-08-17,13.84
2010-08-16,13.75
2010-08-13,13.81
2010-08-12,13.77
2010-08-11,14.14
2010-08-10,14.26
2010-08-09,14.34
2010-08-06,14.06
2010-08-05,14.16
2010-08-04,14.0
2010-08-03,13.95
2010-08-02,14.01
2010-07-30,13.69
2010-07-29,13.9
2010-07-28,13.91
2010-07-27,14.07
2010-07-26,13.96
2010-07-23,13.78
2010-07-22,13.89
2010-07-21,14.27
2010-07-20,14.99
2010-07-19,15.23
2010-07-16,15.33
2010-07-15,15.31
2010-07-14,15.32
2010-07-13,15.06
2010-07-12,14.93
2010-07-09,14.6
2010-07-08,14.43
2010-07-07,14.18
2010-07-06,14.23
2010-07-02,14.08
2010-07-01,13.99
2010-06-30,13.95
2010-06-29,14.53
2010-06-28,14.83
2010-06-25,14.86
2010-06-24,15.11
2010-06-23,15.14
2010-06-22,15.24
2010-06-21,15.71
2010-06-18,15.66
2010-06-17,15.72
2010-06-16,15.58
2010-06-15,15.29
2010-06-14,15.46
2010-06-11,15.02
2010-06-10,14.94
2010-06-09,14.93
2010-06-08,15.05
2010-06-07,15.19
2010-06-04,15.12
2010-06-03,15.32
2010-06-02,15.04
2010-06-01,15.31
2010-05-28,15.61
2010-05-27,15.83
2010-05-26,15.6
2010-05-25,15.04
2010-05-24,15.42
2010-05-21,14.81
2010-05-20,15.45
2010-05-19,15.83
2010-05-18,16.27
2010-05-17,16.41
2010-05-14,16.51
2010-05-13,16.49
2010-05-12,16.450001
2010-05-11,15.95
2010-05-10,16.040001
2010-05-07,15.77
2010-05-06,16.34
2010-05-05,16.17
2010-05-04,16.629999
2010-05-03,16.68
2010-04-30,17.110001
2010-04-29,16.82
2010-04-28,16.98
2010-04-27,17.280001
2010-04-26,17.690001
2010-04-23,17.709999
2010-04-22,17.370001
2010-04-21,17.58
2010-04-20,18.5
2010-04-19,18.01
2010-04-16,18.67
2010-04-15,18.299999
2010-04-14,18.15
2010-04-13,17.51
2010-04-12,17.52
2010-04-09,17.42
2010-04-08,16.91
2010-04-07,16.780001
2010-04-06,16.549999
2010-04-05,16.389999
2010-04-01,16.58
2010-03-31,16.450001
2010-03-30,16.549999
2010-03-29,16.48
2010-03-26,16.34
2010-03-25,16.17
2010-03-24,16.1
2010-03-23,16.34
2010-03-22,16.370001
2010-03-19,16.620001
2010-03-18,16.459999
2010-03-17,16.280001
2010-03-16,16.469999
2010-03-15,16.35
2010-03-12,16.51
2010-03-11,16.57
2010-03-10,16.51
2010-03-09,16.41
2010-03-08,16.32
2010-03-05,15.89
2010-03-04,15.55
2010-03-03,15.85
2010-03-02,15.87
2010-03-01,15.43
2010-02-26,15.27
2010-02-25,15.32
2010-02-24,15.48
2010-02-23,15.45
2010-02-22,15.61
2010-02-19,15.49
2010-02-18,15.4
2010-02-17,15.5
2010-02-16,15.23
2010-02-12,15.07
2010-02-11,14.87
2010-02-10,15.02
2010-02-09,15.2
2010-02-08,15.18
2010-02-05,15.01
2010-02-04,15.34
2010-02-03,15.12
2010-02-02,15.1
2010-02-01,15.14
2010-01-29,15.51
2010-01-28,15.93
2010-01-27,16.459999
2010-01-26,15.82
2010-01-25,16.07
2010-01-22,16.08
2010-01-21,16.389999
2010-01-20,16.65
2010-01-19,16.780001
2010-01-15,17.25
2010-01-14,16.809999
2010-01-13,16.879999
2010-01-12,16.65
2010-01-11,16.77
2010-01-08,16.68
2010-01-07,16.809999
2010-01-06,17.17
2010-01-05,17.219999
2010-01-04,16.940001
2009-12-31,16.92
2009-12-30,16.83
2009-12-29,16.84
2009-12-28,16.74
2009-12-24,16.690001
2009-12-23,16.35
2009-12-22,15.88
2009-12-21,16.110001
2009-12-18,15.94
2009-12-17,15.72
2009-12-16,15.57
2009-12-15,15.77
2009-12-14,15.9
2009-12-11,15.85
2009-12-10,15.34
2009-12-09,15.52
2009-12-08,15.45
2009-12-07,15.36
2009-12-04,15.32
2009-12-03,15.33
2009-12-02,15.17
2009-12-01,15.03
2009-11-30,14.9
2009-11-27,15.04
2009-11-25,15.29
2009-11-24,15.38
2009-11-23,15.58
2009-11-20,15.6
2009-11-19,15.83
2009-11-18,16.02
2009-11-17,15.89
2009-11-16,16.08
2009-11-13,16.040001
2009-11-12,16.1
2009-11-11,16.0
2009-11-10,16.08
2009-11-09,16.129999
2009-11-06,15.89
2009-11-05,15.8
2009-11-04,15.9
2009-11-03,15.71
2009-11-02,15.75
2009-10-30,16.059999
2009-10-29,16.190001
2009-10-28,16.690001
2009-10-27,16.690001
2009-10-26,17.049999
2009-10-23,17.709999
2009-10-22,17.540001
2009-10-21,17.98
2009-10-20,17.370001
2009-10-19,16.799999
2009-10-16,16.610001
2009-10-15,16.84
2009-10-14,16.93
2009-10-13,16.950001
2009-10-12,16.959999
2009-10-09,17.43
2009-10-08,17.629999
2009-10-07,17.219999
2009-10-06,16.959999
2009-10-05,16.85
2009-10-02,17.23
2009-10-01,17.65
2009-09-30,17.48
2009-09-29,17.5
2009-09-28,16.98
2009-09-25,16.799999
2009-09-24,17.309999
2009-09-23,17.1
2009-09-22,17.17
2009-09-21,17.23
2009-09-18,17.700001
2009-09-17,17.0
2009-09-16,16.57
2009-09-15,16.01
2009-09-14,15.45
2009-09-11,15.53
2009-09-10,15.28
2009-09-09,14.45
2009-09-08,14.65
2009-09-04,14.26
2009-09-03,14.36
2009-09-02,14.08
2009-09-01,14.5
2009-08-31,14.74
2009-08-28,14.98
2009-08-27,14.92
2009-08-26,15.09
2009-08-25,15.12
2009-08-24,14.89
2009-08-21,14.88
2009-08-20,14.75
2009-08-19,14.58
2009-08-18,14.64
2009-08-17,14.69
2009-08-14,14.98
2009-08-13,14.74
2009-08-12,14.47
2009-08-11,14.54
2009-08-10,14.66
2009-08-07,14.86
2009-08-06,14.76
2009-08-05,14.76
2009-08-04,14.44
2009-08-03,14.56
2009-07-31,14.72
2009-07-30,15.13
2009-07-29,16.0
2009-07-28,16.969999
2009-07-27,17.370001
2009-07-24,17.43
2009-07-23,17.41
2009-07-22,16.190001
2009-07-21,17.049999
2009-07-20,17.18
2009-07-17,16.75
2009-07-16,15.8
2009-07-15,15.23
2009-07-14,15.07
2009-07-13,14.95
2009-07-10,14.78
2009-07-09,14.48
2009-07-08,14.44
2009-07-07,14.92
2009-07-06,14.83
2009-07-02,15.24
2009-07-01,15.49
2009-06-30,15.85
2009-06-29,15.86
2009-06-26,15.6
2009-06-25,15.44
2009-06-24,14.76
2009-06-23,14.75
2009-06-22,15.55
2009-06-19,15.5
2009-06-18,15.62
2009-06-17,15.91
2009-06-16,16.33
2009-06-15,16.559999
2009-06-12,16.17
2009-06-11,16.26
2009-06-10,16.700001
2009-06-09,16.23
2009-06-08,16.469999
2009-06-05,16.77
2009-06-04,16.4
2009-06-03,16.5
2009-06-02,16.6
2009-06-01,16.17
2009-05-29,15.19
2009-05-28,15.09
2009-05-27,15.27
2009-05-26,14.68
2009-05-22,14.89
2009-05-21,14.92
2009-05-20,15.08
2009-05-19,15.06
2009-05-18,15.1
2009-05-15,15.0
2009-05-14,14.5
2009-05-13,14.92
2009-05-12,15.5
2009-05-11,14.9
2009-05-08,14.88
2009-05-07,15.03
2009-05-06,14.8
2009-05-05,14.55
2009-05-04,14.2
2009-05-01,14.5
2009-04-30,14.12
2009-04-29,13.7
2009-04-28,13.74
2009-04-27,14.48
2009-04-24,14.79
2009-04-23,14.56
2009-04-22,14.62
2009-04-21,13.94
2009-04-20,14.16
2009-04-17,14.43
2009-04-16,14.15
2009-04-15,13.93
2009-04-14,14.4
2009-04-13,14.02
2009-04-09,13.14
2009-04-08,12.9
2009-04-07,13.0
2009-04-06,13.08
2009-04-03,12.95
2009-04-02,13.04
2009-04-01,12.7
2009-03-31,12.76
2009-03-30,12.93
2009-03-27,13.17
2009-03-26,13.55
2009-03-25,13.69
2009-03-24,13.98
2009-03-23,13.79
2009-03-20,13.63
2009-03-19,13.68
2009-03-18,13.81
2009-03-17,13.35
2009-03-16,13.66
2009-03-13,13.58
2009-03-12,13.35
2009-03-11,13.31
2009-03-10,12.81
2009-03-09,12.85
2009-03-06,12.6
2009-03-05,12.77
2009-03-04,12.72
2009-03-03,12.79
2009-03-02,12.85
2009-02-27,12.66
2009-02-26,12.88
2009-02-25,12.45
2009-02-24,12.57
2009-02-23,12.2
2009-02-20,11.9
2009-02-19,12.35
2009-02-18,12.12
2009-02-17,12.31
2009-02-13,12.67
2009-02-12,12.5
2009-02-11,12.87
2009-02-10,13.54
2009-02-09,13.59
2009-02-06,13.41
2009-02-05,12.93
2009-02-04,12.67
2009-02-03,12.3
2009-02-02,11.5
2009-01-30,11.86
2009-01-29,12.02
2009-01-28,12.23
2009-01-27,11.2
2009-01-26,11.26
2009-01-23,10.9
2009-01-22,11.35
2009-01-21,11.17
2009-01-20,11.72
2009-01-16,11.87
2009-01-15,12.32
2009-01-14,12.26
2009-01-13,12.09
2009-01-12,13.09
2009-01-09,13.42
2009-01-08,12.37
2009-01-07,12.71
2009-01-06,12.96
2009-01-05,12.72
2009-01-02,12.17
2008-12-31,11.95
2008-12-30,11.91
2008-12-29,12.46
2008-12-26,12.3
2008-12-24,12.41
2008-12-23,12.47
2008-12-22,13.03
2008-12-19,12.92
2008-12-18,13.13
2008-12-17,13.0
2008-12-16,12.88
2008-12-15,13.1
2008-12-12,12.31
2008-12-11,13.16
2008-12-10,12.67
2008-12-09,11.9
2008-12-08,12.17
2008-12-05,10.96
2008-12-04,11.38
2008-12-03,11.12
2008-12-02,10.81
2008-12-01,11.82
2008-11-28,10.76
2008-11-26,9.93
2008-11-25,10.12
2008-11-24,9.56
2008-11-21,9.28
2008-11-20,9.1
2008-11-19,11.54
2008-11-18,11.93
2008-11-17,10.5
2008-11-14,10.84
2008-11-13,10.32
2008-11-12,11.01
2008-11-11,11.56
2008-11-10,12.37
2008-11-07,12.45
2008-11-06,14.84
2008-11-05,13.21
2008-11-04,13.05
2008-11-03,12.74
2008-10-31,13.09
2008-10-30,12.53
2008-10-29,12.2
2008-10-28,11.89
2008-10-27,11.82
2008-10-24,11.31
2008-10-23,12.15
2008-10-22,12.36
2008-10-21,12.62
2008-10-20,13.03
2008-10-17,12.88
2008-10-16,11.9
2008-10-15,12.49
2008-10-14,13.78
2008-10-13,13.14
2008-10-10,12.22
2008-10-09,13.9
2008-10-08,13.8
2008-10-07,15.19
2008-10-06,15.27
2008-10-03,15.81
2008-10-02,16.77
2008-10-01,17.17
2008-09-30,17.15
2008-09-29,18.77
2008-09-26,18.75
2008-09-25,19.09
2008-09-24,18.9
2008-09-23,18.709999
2008-09-22,19.6
2008-09-19,20.58
2008-09-18,18.790001
2008-09-17,18.969999
2008-09-16,18.25
2008-09-15,18.27
2008-09-12,18.43
2008-09-11,17.4
2008-09-10,17.629999
2008-09-09,18.139999
2008-09-08,18.33
2008-09-05,17.92
2008-09-04,18.709999
2008-09-03,18.85
2008-09-02,19.629999
2008-08-29,19.540001
2008-08-28,19.48
2008-08-27,19.08
2008-08-26,19.120001
2008-08-25,19.34
2008-08-22,19.110001
2008-08-21,19.059999
2008-08-20,19.57
2008-08-19,19.780001
2008-08-18,20.469999
2008-08-15,20.27
2008-08-14,20.200001
2008-08-13,20.33
2008-08-12,20.209999
2008-08-11,19.889999
2008-08-08,20.190001
2008-08-07,19.799999
2008-08-06,19.77
2008-08-05,19.700001
2008-08-04,19.77
2008-08-01,20.09
2008-07-31,19.889999
2008-07-30,20.18
2008-07-29,20.01
2008-07-28,20.99
2008-07-25,20.549999
2008-07-24,20.610001
2008-07-23,21.91
2008-07-22,21.389999
2008-07-21,21.66
2008-07-18,22.549999
2008-07-17,23.49
2008-07-16,21.700001
2008-07-15,21.790001
2008-07-14,23.120001
2008-07-11,23.0
2008-07-10,23.76
2008-07-09,24.74
2008-07-08,23.83
2008-07-07,23.4
2008-07-03,21.35
2008-07-02,21.889999
2008-07-01,20.48
2008-06-30,21.120001
2008-06-27,21.290001
2008-06-26,21.59
2008-06-25,22.0
2008-06-24,21.17
2008-06-23,22.07
2008-06-20,22.49
2008-06-19,22.780001
2008-06-18,23.219999
2008-06-17,23.58
2008-06-16,22.950001
2008-06-13,22.82
2008-06-12,26.33
2008-06-11,26.42
2008-06-10,26.32
2008-06-09,26.5
2008-06-06,26.5
2008-06-05,26.459999
2008-06-04,26.25
2008-06-03,26.360001
2008-06-02,26.799999
2008-05-30,27.07
2008-05-29,27.34
2008-05-28,27.42
2008-05-27,27.5
2008-05-23,27.48
2008-05-22,27.299999
2008-05-21,27.34
2008-05-20,27.68
2008-05-19,27.9
2008-05-16,27.73
2008-05-15,27.540001
2008-05-14,26.950001
2008-05-13,25.15
2008-05-12,25.799999
2008-05-09,26.01
2008-05-08,25.66
2008-05-07,25.57
2008-05-06,25.540001
2008-05-05,23.049999
2008-05-02,27.65
2008-05-01,27.690001
2008-04-30,27.17
2008-04-29,26.35
2008-04-28,27.0
2008-04-25,26.85
2008-04-24,28.01
2008-04-23,28.24
2008-04-22,28.73
2008-04-21,28.52
2008-04-18,28.440001
2008-04-17,28.4
2008-04-16,28.110001
2008-04-15,28.049999
2008-04-14,28.18
2008-04-11,28.41
2008-04-10,28.389999
2008-04-09,27.799999
2008-04-08,27.719999
2008-04-07,27.799999
2008-04-04,28.0
2008-04-03,27.65
2008-04-02,28.57
2008-04-01,28.07
2008-03-31,28.559999
2008-03-28,28.32
2008-03-27,28.49
2008-03-26,28.629999
2008-03-25,28.139999
2008-03-24,27.559999
2008-03-20,27.360001
2008-03-19,27.559999
2008-03-18,26.940001
2008-03-17,26.5
2008-03-14,27.85
2008-03-13,28.07
2008-03-12,28.889999
2008-03-11,28.91
2008-03-10,28.870001
2008-03-07,28.58
2008-03-06,28.639999
2008-03-05,28.0
2008-03-04,27.799999
2008-03-03,27.73
2008-02-29,27.940001
2008-02-28,27.98
2008-02-27,28.33
2008-02-26,27.93
2008-02-25,28.42
2008-02-22,28.360001
2008-02-21,28.76
2008-02-20,28.709999
2008-02-19,29.34
2008-02-15,29.950001
2008-02-14,29.98
2008-02-13,29.780001
2008-02-12,29.809999
2008-02-11,29.889999
2008-02-08,28.98
2008-02-07,28.629999
2008-02-06,29.110001
2008-02-05,28.780001
2008-02-04,28.33
2008-02-01,28.68
2008-01-31,18.870001
2008-01-30,18.620001
2008-01-29,20.870001
2008-01-28,21.559999
2008-01-25,22.24
2008-01-24,20.440001
2008-01-23,19.25
2008-01-22,19.290001
2008-01-18,21.27
2008-01-17,22.0
2008-01-16,22.200001
2008-01-15,23.0
2008-01-14,23.51
2008-01-11,23.809999
2008-01-10,23.190001
2008-01-09,22.469999
2008-01-08,23.280001
2008-01-07,23.120001
2008-01-04,23.809999
2008-01-03,23.860001
2008-01-02,23.799999
2007-12-31,23.219999
2007-12-28,23.66
2007-12-27,23.6
2007-12-26,23.85
2007-12-24,24.01
2007-12-21,23.879999
2007-12-20,23.5
2007-12-19,22.92
2007-12-18,23.219999
2007-12-17,23.799999
2007-12-14,24.129999
2007-12-13,24.389999
2007-12-12,24.82
2007-12-11,25.15
2007-12-10,25.51
2007-12-07,25.860001
2007-12-06,25.879999
2007-12-05,26.629999
2007-12-04,26.139999
2007-12-03,26.639999
2007-11-30,26.959999
2007-11-29,26.01
2007-11-28,26.030001
2007-11-27,25.18
2007-11-26,26.08
2007-11-23,25.98
2007-11-21,26.110001
2007-11-20,26.93
2007-11-19,27.110001
2007-11-16,25.66
2007-11-15,24.940001
2007-11-14,26.42
2007-11-13,25.530001
2007-11-12,25.799999
2007-11-09,26.129999
2007-11-08,28.110001
2007-11-07,29.27
2007-11-06,31.76
2007-11-05,30.709999
2007-11-02,30.540001
2007-11-01,30.860001
2007-10-31,31.5
2007-10-30,31.549999
2007-10-29,34.07
2007-10-26,32.43
2007-10-25,30.75
2007-10-24,30.68
2007-10-23,30.120001
2007-10-22,28.93
2007-10-19,29.360001
2007-10-18,28.59
2007-10-17,29.1
2007-10-16,27.370001
2007-10-15,28.32
2007-10-12,27.76
2007-10-11,28.440001
2007-10-10,28.43
2007-10-09,28.35
2007-10-08,28.01
2007-10-05,27.780001
2007-10-04,27.190001
2007-10-03,27.16
2007-10-02,27.200001
2007-10-01,26.76
2007-09-28,26.49
2007-09-27,26.950001
2007-09-26,26.700001
2007-09-25,25.700001
2007-09-24,26.129999
2007-09-21,25.540001
2007-09-20,25.280001
2007-09-19,25.09
2007-09-18,25.059999
2007-09-17,24.5
2007-09-14,23.690001
2007-09-13,23.6
2007-09-12,23.639999
2007-09-11,23.309999
2007-09-10,23.85
2007-09-07,23.76
2007-09-06,24.219999
2007-09-05,24.1
2007-09-04,23.299999
2007-08-31,22.809999
2007-08-30,22.49
2007-08-29,22.6
2007-08-28,22.950001
2007-08-27,23.59
2007-08-24,23.030001
2007-08-23,23.35
2007-08-22,23.219999
2007-08-21,23.25
2007-08-20,23.639999
2007-08-17,23.26
2007-08-16,23.0
2007-08-15,23.559999
2007-08-14,24.690001
2007-08-13,24.209999
2007-08-10,23.93
2007-08-09,23.67
2007-08-08,23.459999
2007-08-07,22.75
2007-08-06,23.030001
2007-08-03,23.200001
2007-08-02,22.65
2007-08-01,23.17
2007-07-31,23.879999
2007-07-30,23.549999
2007-07-27,23.98
2007-07-26,24.4
2007-07-25,25.01
2007-07-24,24.799999
2007-07-23,25.43
2007-07-20,25.700001
2007-07-19,26.32
2007-07-18,26.07
2007-07-17,26.74
2007-07-16,26.48
2007-07-13,26.870001
2007-07-12,26.700001
2007-07-11,27.030001
2007-07-10,27.09
2007-07-09,26.92
2007-07-06,27.01
2007-07-05,26.92
2007-07-03,26.950001
2007-07-02,27.190001
2007-06-29,27.209999
2007-06-28,27.440001
2007-06-27,27.51
2007-06-26,27.73
2007-06-25,27.6
2007-06-22,27.68
2007-06-21,27.690001
2007-06-20,27.889999
2007-06-19,29.4
2007-06-18,27.719999
2007-06-15,27.49
2007-06-14,27.379999
2007-06-13,27.120001
2007-06-12,27.299999
2007-06-11,27.27
2007-06-08,27.02
2007-06-07,27.34
2007-06-06,28.049999
2007-06-05,28.4
2007-06-04,28.6
2007-06-01,28.9
2007-05-31,28.76
2007-05-30,28.190001
2007-05-29,28.360001
2007-05-25,28.440001
2007-05-24,28.65
2007-05-23,29.1
2007-05-22,29.33
2007-05-21,29.620001
2007-05-18,28.9
2007-05-17,28.99
2007-05-16,28.889999
2007-05-15,29.16
2007-05-14,29.790001
2007-05-11,29.620001
2007-05-10,30.52
2007-05-09,30.17
2007-05-08,30.24
2007-05-07,30.129999
2007-05-04,33.27
2007-05-03,28.25
2007-05-02,27.719999
2007-05-01,28.25
2007-04-30,28.32
2007-04-27,28.35
2007-04-26,27.98
2007-04-25,28.219999
2007-04-24,28.030001
2007-04-23,27.530001
2007-04-20,27.860001
2007-04-19,28.1
2007-04-18,28.42
2007-04-17,31.98
2007-04-16,31.68
2007-04-13,31.15
2007-04-12,31.26
2007-04-11,31.65
2007-04-10,31.639999
2007-04-09,32.009998
2007-04-05,32.0
2007-04-04,31.610001
2007-04-03,31.41
2007-04-02,31.219999
2007-03-30,31.209999
2007-03-29,31.709999
2007-03-28,31.450001
2007-03-27,31.559999
2007-03-26,31.25
2007-03-23,31.33
2007-03-22,31.360001
2007-03-21,30.33
2007-03-20,30.0
2007-03-19,30.0
2007-03-16,30.02
2007-03-15,29.809999
2007-03-14,29.629999
2007-03-13,29.77
2007-03-12,29.299999
2007-03-09,29.85
2007-03-08,30.82
2007-03-07,30.950001
2007-03-06,30.889999
2007-03-05,30.18
2007-03-02,30.540001
2007-03-01,30.129999
2007-02-28,30.860001
2007-02-27,31.379999
2007-02-26,32.799999
2007-02-23,31.6
2007-02-22,31.6
2007-02-21,31.74
2007-02-20,31.799999
2007-02-16,31.0
2007-02-15,30.82
2007-02-14,29.690001
2007-02-13,29.370001
2007-02-12,29.290001
2007-02-09,30.07
2007-02-08,29.75
2007-02-07,29.35
2007-02-06,28.610001
2007-02-05,28.67
2007-02-02,28.57
2007-02-01,28.68
2007-01-31,28.040001
2007-01-30,27.870001
2007-01-29,28.049999
2007-01-26,28.33
2007-01-25,28.68
2007-01-24,28.34
2007-01-23,27.42
2007-01-22,27.85
2007-01-19,27.93
2007-01-18,28.92
2007-01-17,29.4
2007-01-16,29.879999
2007-01-12,28.98
2007-01-11,28.76
2007-01-10,27.48
2007-01-09,28.0
2007-01-08,27.700001
2007-01-05,26.700001
2007-01-04,25.639999
2007-01-03,25.85
2006-12-29,25.42
2006-12-28,25.620001
2006-12-27,25.469999
2006-12-26,25.49
2006-12-22,25.67
2006-12-21,25.709999
2006-12-20,26.24
2006-12-19,26.049999
2006-12-18,26.889999
2006-12-15,27.0
2006-12-14,26.629999
2006-12-13,27.049999
2006-12-12,26.629999
2006-12-11,26.370001
2006-12-08,26.65
2006-12-07,26.950001
2006-12-06,27.25
2006-12-05,26.870001
2006-12-04,26.49
2006-12-01,27.0
2006-11-30,27.0
2006-11-29,27.4
2006-11-28,27.030001
2006-11-27,27.5
2006-11-24,28.219999
2006-11-22,27.51
2006-11-21,26.5
2006-11-20,26.959999
2006-11-17,26.68
2006-11-16,27.309999
2006-11-15,27.18
2006-11-14,27.4
2006-11-13,27.17
2006-11-10,27.4
2006-11-09,27.18
2006-11-08,26.360001
2006-11-07,26.690001
2006-11-06,26.34
2006-11-03,26.629999
2006-11-02,25.940001
2006-11-01,26.5
2006-10-31,26.440001
2006-10-30,25.870001
2006-10-27,25.23
2006-10-26,24.700001
2006-10-25,23.73
2006-10-24,23.35
2006-10-23,23.139999
2006-10-20,23.219999
2006-10-19,23.02
2006-10-18,24.57
2006-10-17,23.74
2006-10-16,24.34
2006-10-13,23.9
2006-10-12,24.32
2006-10-11,24.290001
2006-10-10,24.940001
2006-10-09,25.450001
2006-10-06,25.09
2006-10-05,25.16
2006-10-04,24.889999
2006-10-03,24.809999
2006-10-02,25.450001
2006-09-29,25.5
2006-09-28,24.870001
2006-09-27,25.0
2006-09-26,25.440001
2006-09-25,25.639999
2006-09-22,25.34
2006-09-21,25.530001
2006-09-20,26.040001
2006-09-19,29.09
2006-09-18,29.370001
2006-09-15,29.299999
2006-09-14,29.1
2006-09-13,29.059999
2006-09-12,28.549999
2006-09-11,28.049999
2006-09-08,28.040001
2006-09-07,28.4
2006-09-06,28.940001
2006-09-05,29.450001
2006-09-01,28.91
2006-08-31,28.99
2006-08-30,29.0
2006-08-29,28.860001
2006-08-28,28.75
2006-08-25,28.950001
2006-08-24,28.75
2006-08-23,29.34
2006-08-22,28.84
2006-08-21,29.219999
2006-08-18,28.9
2006-08-17,28.379999
2006-08-16,28.35
2006-08-15,27.58
2006-08-14,27.709999
2006-08-11,27.52
2006-08-10,26.950001
2006-08-09,27.75
2006-08-08,26.950001
2006-08-07,26.92
2006-08-04,27.200001
2006-08-03,26.5
2006-08-02,27.01
2006-08-01,27.059999
2006-07-31,27.459999
2006-07-28,26.9
2006-07-27,27.35
2006-07-26,26.780001
2006-07-25,26.75
2006-07-24,26.24
2006-07-21,24.99
2006-07-20,25.549999
2006-07-19,26.41
2006-07-18,32.080002
2006-07-17,31.98
2006-07-14,32.34
2006-07-13,32.849998
2006-07-12,33.029999
2006-07-11,32.790001
2006-07-10,32.91
2006-07-07,32.939999
2006-07-06,32.77
2006-07-05,32.849998
2006-07-03,32.900002
2006-06-30,33.009998
2006-06-29,32.259998
2006-06-28,31.75
2006-06-27,31.85
2006-06-26,31.450001
2006-06-23,31.08
2006-06-22,30.85
2006-06-21,30.77
2006-06-20,30.42
2006-06-19,30.51
2006-06-16,30.700001
2006-06-15,29.98
2006-06-14,29.809999
2006-06-13,29.77
2006-06-12,30.370001
2006-06-09,30.700001
2006-06-08,30.43
2006-06-07,30.799999
2006-06-06,30.83
2006-06-05,31.190001
2006-06-02,32.110001
2006-06-01,31.83
2006-05-31,32.189999
2006-05-30,32.73
2006-05-26,32.860001
2006-05-25,32.939999
2006-05-24,30.950001
2006-05-23,31.040001
2006-05-22,30.42
2006-05-19,29.049999
2006-05-18,30.1
2006-05-17,30.610001
2006-05-16,31.1
2006-05-15,30.85
2006-05-12,30.709999
2006-05-11,31.959999
2006-05-10,32.48
2006-05-09,32.68
2006-05-08,33.09
2006-05-05,32.630001
2006-05-04,32.400002
2006-05-03,32.400002
2006-05-02,32.200001
2006-05-01,32.990002
2006-04-28,32.880001
2006-04-27,32.790001
2006-04-26,32.299999
2006-04-25,32.990002
2006-04-24,33.009998
2006-04-21,33.360001
2006-04-20,33.48
2006-04-19,33.470001
2006-04-18,31.17
2006-04-17,31.16
2006-04-13,31.139999
2006-04-12,31.440001
2006-04-11,32.450001
2006-04-10,32.279999
2006-04-07,32.849998
2006-04-06,32.119999
2006-04-05,32.299999
2006-04-04,31.690001
2006-04-03,32.41
2006-03-31,32.450001
2006-03-30,32.75
2006-03-29,32.439999
2006-03-28,31.450001
2006-03-27,31.84
2006-03-24,32.279999
2006-03-23,31.52
2006-03-22,30.33
2006-03-21,30.110001
2006-03-20,30.379999
2006-03-17,30.35
2006-03-16,30.77
2006-03-15,31.25
2006-03-14,30.1
2006-03-13,30.719999
2006-03-10,30.4
2006-03-09,31.049999
2006-03-08,31.309999
2006-03-07,31.42
2006-03-06,31.530001
2006-03-03,31.700001
2006-03-02,32.009998
2006-03-01,32.209999
2006-02-28,32.630001
2006-02-27,33.110001
2006-02-24,33.200001
2006-02-23,33.009998
2006-02-22,32.490002
2006-02-21,32.900002
2006-02-17,32.880001
2006-02-16,33.299999
2006-02-15,32.619999
2006-02-14,32.139999
2006-02-13,32.209999
2006-02-10,32.580002
2006-02-09,33.009998
2006-02-08,33.240002
2006-02-07,33.009998
2006-02-06,33.900002
2006-02-03,34.0
2006-02-02,35.009998
2006-02-01,34.450001
2006-01-31,35.200001
2006-01-30,35.09
2006-01-27,35.259998
2006-01-26,34.939999
2006-01-25,35.43
2006-01-24,34.549999
2006-01-23,34.220001
2006-01-20,34.439999
2006-01-19,35.82
2006-01-18,35.009998
2006-01-17,39.09
2006-01-13,41.0
2006-01-12,41.919998
2006-01-11,42.189999
2006-01-10,42.959999
2006-01-09,43.099998
2006-01-06,42.880001
2006-01-05,40.93
2006-01-04,41.220001
2006-01-03,39.689999
2005-12-30,39.400002
2005-12-29,40.25
2005-12-28,40.099998
2005-12-27,40.650002
2005-12-23,41.09
2005-12-22,40.689999
2005-12-21,40.52
2005-12-20,41.259998
2005-12-19,42.16
2005-12-16,41.860001
2005-12-15,41.23
2005-12-14,41.119999
2005-12-13,40.009998
2005-12-12,40.41
2005-12-09,40.5
2005-12-08,40.25
2005-12-07,40.310001
2005-12-06,40.779999
2005-12-05,40.880001
2005-12-02,41.220001
2005-12-01,40.740002
2005-11-30,39.380001
2005-11-29,41.009998
2005-11-28,41.630001
2005-11-25,42.709999
2005-11-23,42.209999
2005-11-22,41.73
2005-11-21,41.259998
2005-11-18,42.040001
2005-11-17,40.32
2005-11-16,37.900002
2005-11-15,38.259998
2005-11-14,38.43
2005-11-11,38.689999
2005-11-10,37.52
2005-11-09,37.759998
2005-11-08,37.75
2005-11-07,37.689999
2005-11-04,37.59
2005-11-03,38.259998
2005-11-02,37.490002
2005-11-01,36.619999
2005-10-31,35.599998
2005-10-28,35.619999
2005-10-27,35.34
2005-10-26,35.060001
2005-10-25,35.189999
2005-10-24,35.299999
2005-10-21,35.990002
2005-10-20,35.900002
2005-10-19,34.619999
2005-10-18,34.400002
2005-10-17,33.849998
2005-10-14,33.619999
2005-10-13,33.799999
2005-10-12,33.990002
2005-10-11,34.549999
2005-10-10,34.200001
2005-10-07,34.029999
2005-10-06,33.950001
2005-10-05,33.790001
2005-10-04,33.75
2005-10-03,33.799999
2005-09-30,33.59
2005-09-29,32.400002
2005-09-28,32.669998
2005-09-27,32.169998
2005-09-26,32.48
2005-09-23,32.119999
2005-09-22,32.09
2005-09-21,32.529999
2005-09-20,32.880001
2005-09-19,33.27
2005-09-16,33.740002
2005-09-15,33.950001
2005-09-14,34.299999
2005-09-13,33.93
2005-09-12,33.419998
2005-09-09,33.349998
2005-09-08,33.740002
2005-09-07,33.5
2005-09-06,33.18
2005-09-02,33.200001
2005-09-01,33.279999
2005-08-31,33.23
2005-08-30,33.5
2005-08-29,33.400002
2005-08-26,33.509998
2005-08-25,33.540001
2005-08-24,32.919998
2005-08-23,33.290001
2005-08-22,34.07
2005-08-19,34.389999
2005-08-18,34.130001
2005-08-17,34.299999
2005-08-16,34.57
2005-08-15,34.799999
2005-08-12,34.860001
2005-08-11,34.540001
2005-08-10,34.279999
2005-08-09,34.150002
2005-08-08,33.860001
2005-08-05,34.09
2005-08-04,34.259998
2005-08-03,33.75
2005-08-02,33.459999
2005-08-01,33.630001
2005-07-29,34.009998
2005-07-28,34.23
2005-07-27,34.220001
2005-07-26,34.049999
2005-07-25,33.880001
2005-07-22,33.349998
2005-07-21,33.75
2005-07-20,34.209999
2005-07-19,37.02
2005-07-18,36.450001
2005-07-15,37.049999
2005-07-14,37.400002
2005-07-13,36.419998
2005-07-12,36.200001
2005-07-11,34.900002
2005-07-08,34.77
2005-07-07,33.869999
2005-07-06,34.639999
2005-07-05,34.25
2005-07-01,34.759998
2005-06-30,34.84
2005-06-29,35.799999
2005-06-28,35.950001
2005-06-27,35.880001
2005-06-24,36.259998
2005-06-23,36.849998
2005-06-22,36.91
2005-06-21,36.369999
2005-06-20,35.959999
2005-06-17,36.759998
2005-06-16,36.459999
2005-06-15,36.970001
2005-06-14,36.560001
2005-06-13,36.66
2005-06-10,37.48
2005-06-09,36.810001
2005-06-08,37.419998
2005-06-07,38.720001
2005-06-06,37.790001
2005-06-03,38.240002
2005-06-02,38.200001
2005-06-01,37.310001
2005-05-31,37.029999
2005-05-27,36.98
2005-05-26,36.450001
2005-05-25,36.25
2005-05-24,36.869999
2005-05-23,36.099998
2005-05-20,36.599998
2005-05-19,36.130001
2005-05-18,35.790001
2005-05-17,35.200001
2005-05-16,34.779999
2005-05-13,34.709999
2005-05-12,34.950001
2005-05-11,34.09
2005-05-10,34.299999
2005-05-09,34.48
2005-05-06,35.0
2005-05-05,35.099998
2005-05-04,34.43
2005-05-03,34.049999
2005-05-02,34.439999
2005-04-29,34.599998
2005-04-28,34.700001
2005-04-27,34.700001
2005-04-26,35.119999
2005-04-25,34.580002
2005-04-22,35.209999
2005-04-21,35.119999
2005-04-20,34.959999
2005-04-19,32.959999
2005-04-18,32.43
2005-04-15,32.959999
2005-04-14,33.630001
2005-04-13,34.16
2005-04-12,34.349998
2005-04-11,34.970001
2005-04-08,35.040001
2005-04-07,34.450001
2005-04-06,35.139999
2005-04-05,35.150002
2005-04-04,34.34
2005-04-01,34.18
2005-03-31,33.549999
2005-03-30,32.310001
2005-03-29,32.18
2005-03-28,32.209999
2005-03-24,31.940001
2005-03-23,30.91
2005-03-22,31.700001
2005-03-21,31.290001
2005-03-18,31.530001
2005-03-17,31.799999
2005-03-16,31.870001
2005-03-15,31.610001
2005-03-14,31.74
2005-03-11,31.860001
2005-03-10,32.43
2005-03-09,33.009998
2005-03-08,33.549999
2005-03-07,32.400002
2005-03-04,32.360001
2005-03-03,32.25
2005-03-02,32.07
2005-03-01,32.369999
2005-02-28,31.74
2005-02-25,31.530001
2005-02-24,30.43
2005-02-23,32.82
2005-02-22,33.25
2005-02-18,33.84
2005-02-17,34.419998
2005-02-16,33.810001
2005-02-15,34.34
2005-02-14,34.009998
2005-02-11,33.450001
2005-02-10,33.720001
2005-02-09,34.599998
2005-02-08,34.639999
2005-02-07,35.07
2005-02-04,34.709999
2005-02-03,35.27
2005-02-02,36.02
2005-02-01,35.130001
2005-01-31,35.040001
2005-01-28,34.900002
2005-01-27,35.380001
2005-01-26,34.709999
2005-01-25,34.549999
2005-01-24,35.48
2005-01-21,36.07
2005-01-20,35.389999
2005-01-19,38.080002
2005-01-18,37.099998
2005-01-14,35.860001
2005-01-13,36.119999
2005-01-12,35.880001
2005-01-11,36.310001
2005-01-10,36.0
2005-01-07,35.990002
2005-01-06,36.32
2005-01-05,36.689999
2005-01-04,38.450001
2005-01-03,38.360001
2004-12-31,38.040001
2004-12-30,38.029999
2004-12-29,37.830002
2004-12-28,37.849998
2004-12-27,37.450001
2004-12-23,37.43
2004-12-22,36.470001
2004-12-21,36.98
2004-12-20,36.889999
2004-12-17,36.77
2004-12-16,38.330002
2004-12-15,38.130001
2004-12-14,37.98
2004-12-13,38.259998
2004-12-10,38.02
2004-12-09,36.830002
2004-12-08,37.349998
2004-12-07,38.75
2004-12-06,38.709999
2004-12-03,39.139999
2004-12-02,37.959999
2004-12-01,37.900002
2004-11-30,37.919998
2004-11-29,38.09
2004-11-26,37.830002
2004-11-24,37.150002
2004-11-23,36.700001
2004-11-22,35.990002
2004-11-19,37.240002
2004-11-18,37.43
2004-11-17,36.950001
2004-11-16,37.290001
2004-11-15,37.77
2004-11-12,37.869999
2004-11-11,36.900002
2004-11-10,36.849998
2004-11-09,37.240002
2004-11-08,36.790001
2004-11-05,37.68
2004-11-04,37.57
2004-11-03,39.200001
2004-11-02,37.029999
2004-11-01,35.91
2004-10-29,36.080002
2004-10-28,35.82
2004-10-27,34.900002
2004-10-26,35.119999
2004-10-25,34.830002
2004-10-22,36.57
2004-10-21,35.400002
2004-10-20,34.380001
2004-10-19,35.439999
2004-10-18,34.32
2004-10-15,34.889999
2004-10-14,34.98
2004-10-13,35.950001
2004-10-12,33.709999
2004-10-11,34.400002
2004-10-08,34.48
2004-10-07,34.880001
2004-10-06,34.720001
2004-10-05,34.52
2004-10-04,35.049999
2004-10-01,34.349998
2004-09-30,33.59
2004-09-29,32.779999
2004-09-28,32.27
2004-09-27,32.540001
2004-09-24,33.189999
2004-09-23,32.709999
2004-09-22,32.810001
2004-09-21,33.349998
2004-09-20,32.849998
2004-09-17,33.0
2004-09-16,32.889999
2004-09-15,32.700001
2004-09-14,31.620001
2004-09-13,31.01
2004-09-10,30.24
2004-09-09,30.200001
2004-09-08,29.610001
2004-09-07,29.870001
2004-09-03,29.75
2004-09-02,28.700001
2004-09-01,28.389999
2004-08-31,28.48
2004-08-30,29.07
2004-08-27,29.43
2004-08-26,29.0
2004-08-25,28.360001
2004-08-24,28.99
2004-08-23,29.1
2004-08-20,27.879999
2004-08-19,28.34
2004-08-18,27.459999
2004-08-17,28.629999
2004-08-16,27.389999
2004-08-13,27.83
2004-08-12,27.43
2004-08-11,26.4
2004-08-10,26.16
2004-08-09,26.290001
2004-08-06,26.469999
2004-08-05,28.459999
2004-08-04,27.98
2004-08-03,30.41
2004-08-02,30.57
2004-07-30,30.25
2004-07-29,30.559999
2004-07-28,29.790001
2004-07-27,28.6
2004-07-26,28.450001
2004-07-23,28.200001
2004-07-22,27.82
2004-07-21,30.110001
2004-07-20,28.200001
2004-07-19,28.9
2004-07-16,30.719999
2004-07-15,31.0
2004-07-14,29.74
2004-07-13,30.59
2004-07-12,29.66
2004-07-09,30.879999
2004-07-08,29.42
2004-07-07,33.07
2004-07-06,34.0
2004-07-02,34.459999
2004-07-01,35.139999
2004-06-30,35.990002
2004-06-29,35.380001
2004-06-28,35.080002
2004-06-25,34.369999
2004-06-24,33.639999
2004-06-23,32.540001
2004-06-22,31.959999
2004-06-21,32.200001
2004-06-18,32.110001
2004-06-17,32.389999
2004-06-16,32.41
2004-06-15,31.99
2004-06-14,32.18
2004-06-10,32.73
2004-06-09,32.950001
2004-06-08,32.32
2004-06-07,32.360001
2004-06-04,31.879999
2004-06-03,31.66
2004-06-02,32.450001
2004-06-01,30.49
2004-05-28,30.41
2004-05-27,30.41
2004-05-26,29.780001
2004-05-25,28.940001
2004-05-24,28.84
2004-05-21,28.299999
2004-05-20,28.120001
2004-05-19,28.610001
2004-05-18,27.49
2004-05-17,26.35
2004-05-14,27.540001
2004-05-13,27.18
2004-05-12,26.809999
2004-05-11,52.349998
2004-05-10,52.389999
2004-05-07,52.419998
2004-05-06,53.200001
2004-05-05,52.970001
2004-05-04,52.34
2004-05-03,50.529999
2004-04-30,54.41
2004-04-29,55.779999
2004-04-28,57.77
2004-04-27,56.98
2004-04-26,56.450001
2004-04-23,57.349998
2004-04-22,54.779999
2004-04-21,53.900002
2004-04-20,55.869999
2004-04-19,53.869999
2004-04-16,53.93
2004-04-15,54.810001
2004-04-14,53.669998
2004-04-13,54.990002
2004-04-12,55.779999
2004-04-08,55.720001
2004-04-07,48.450001
2004-04-06,49.110001
2004-04-05,50.060001
2004-04-02,50.52
2004-04-01,48.82
2004-03-31,48.740002
2004-03-30,47.599998
2004-03-29,47.200001
2004-03-26,46.75
2004-03-25,44.98
2004-03-24,44.27
2004-03-23,44.75
2004-03-22,45.0
2004-03-19,44.860001
2004-03-18,44.790001
2004-03-17,44.16
2004-03-16,42.09
2004-03-15,43.150002
2004-03-12,41.880001
2004-03-11,41.290001
2004-03-10,43.330002
2004-03-09,43.869999
2004-03-08,44.330002
2004-03-05,43.59
2004-03-04,43.459999
2004-03-03,42.830002
2004-03-02,44.119999
2004-03-01,44.549999
2004-02-27,43.450001
2004-02-26,43.18
2004-02-25,44.389999
2004-02-24,44.860001
2004-02-23,46.439999
2004-02-20,45.939999
2004-02-19,46.419998
2004-02-18,46.599998
2004-02-17,46.779999
2004-02-13,47.610001
2004-02-12,47.57
2004-02-11,47.029999
2004-02-10,46.759998
2004-02-09,46.279999
2004-02-06,46.220001
2004-02-05,45.279999
2004-02-04,44.82
2004-02-03,46.669998
2004-02-02,47.099998
2004-01-30,46.759998
2004-01-29,46.540001
2004-01-28,47.040001
2004-01-27,48.07
2004-01-26,46.82
2004-01-23,47.240002
2004-01-22,47.77
2004-01-21,47.240002
2004-01-20,47.900002
2004-01-16,48.459999
2004-01-15,46.560001
2004-01-14,49.380001
2004-01-13,49.73
2004-01-12,48.25
2004-01-09,48.040001
2004-01-08,48.0
2004-01-07,46.900002
2004-01-06,46.439999
2004-01-05,45.759998
2004-01-02,45.5
2003-12-31,45.049999
2003-12-30,44.93
2003-12-29,44.450001
2003-12-26,44.799999
2003-12-24,43.459999
2003-12-23,42.349998
2003-12-22,41.830002
2003-12-19,41.93
2003-12-18,41.060001
2003-12-17,40.580002
2003-12-16,41.939999
2003-12-15,43.84
2003-12-12,43.0
2003-12-11,41.07
2003-12-10,41.560001
2003-12-09,43.040001
2003-12-08,42.779999
2003-12-05,42.790001
2003-12-04,42.950001
2003-12-03,43.669998
2003-12-02,43.860001
2003-12-01,43.419998
2003-11-28,42.849998
2003-11-26,42.77
2003-11-25,41.860001
2003-11-24,40.200001
2003-11-21,39.290001
2003-11-20,38.91
2003-11-19,38.48
2003-11-18,40.75
2003-11-17,40.919998
2003-11-14,42.880001
2003-11-13,42.360001
2003-11-12,40.57
2003-11-11,41.25
2003-11-10,42.299999
2003-11-07,43.189999
2003-11-06,43.0
2003-11-05,43.0
2003-11-04,43.900002
2003-11-03,43.740002
2003-10-31,43.459999
2003-10-30,43.799999
2003-10-29,42.939999
2003-10-28,41.490002
2003-10-27,40.799999
2003-10-24,39.959999
2003-10-23,41.009998
2003-10-22,42.150002
2003-10-21,42.099998
2003-10-20,42.5
2003-10-17,42.529999
2003-10-16,41.630001
2003-10-15,42.810001
2003-10-14,42.299999
2003-10-13,42.900002
2003-10-10,42.599998
2003-10-09,41.400002
2003-10-08,39.060001
2003-10-07,39.380001
2003-10-06,39.349998
2003-10-03,38.959999
2003-10-02,36.509998
2003-10-01,36.099998
2003-09-30,36.029999
2003-09-29,35.419998
2003-09-26,36.580002
2003-09-25,36.119999
2003-09-24,37.84
2003-09-23,36.700001
2003-09-22,36.689999
2003-09-19,37.150002
2003-09-18,35.799999
2003-09-17,35.709999
2003-09-16,34.75
2003-09-15,34.900002
2003-09-12,34.389999
2003-09-11,34.75
2003-09-10,34.490002
2003-09-09,35.259998
2003-09-08,34.650002
2003-09-05,34.349998
2003-09-04,33.610001
2003-09-03,34.0
2003-09-02,33.34
2003-08-29,32.400002
2003-08-28,32.400002
2003-08-27,31.889999
2003-08-26,31.84
2003-08-25,31.889999
2003-08-22,33.02
2003-08-21,32.299999
2003-08-20,31.49
2003-08-19,31.549999
2003-08-18,29.969999
2003-08-15,29.889999
2003-08-14,29.75
2003-08-13,29.93
2003-08-12,29.15
2003-08-11,28.9
2003-08-08,29.120001
2003-08-07,29.299999
2003-08-06,29.639999
2003-08-05,30.66
2003-08-04,31.09
2003-08-01,31.629999
2003-07-31,31.190001
2003-07-30,31.709999
2003-07-29,32.57
2003-07-28,32.919998
2003-07-25,32.549999
2003-07-24,32.650002
2003-07-23,31.860001
2003-07-22,31.280001
2003-07-21,30.700001
2003-07-18,30.99
2003-07-17,31.65
2003-07-16,32.75
2003-07-15,32.32
2003-07-14,32.900002
2003-07-11,32.84
2003-07-10,32.470001
2003-07-09,35.07
2003-07-08,35.240002
2003-07-07,35.5
2003-07-03,33.599998
2003-07-02,33.720001
2003-07-01,32.860001
2003-06-30,32.66
2003-06-27,33.099998
2003-06-26,31.700001
2003-06-25,31.200001
2003-06-24,31.440001
2003-06-23,31.9
2003-06-20,32.299999
2003-06-19,32.110001
2003-06-18,30.99
2003-06-17,30.950001
2003-06-16,29.85
2003-06-13,29.629999
2003-06-12,29.73
2003-06-11,28.32
2003-06-10,27.6
2003-06-09,28.549999
2003-06-06,30.01
2003-06-05,29.5
2003-06-04,28.450001
2003-06-03,28.93
2003-06-02,30.309999
2003-05-30,30.299999
2003-05-29,29.950001
2003-05-28,30.01
2003-05-27,27.879999
2003-05-23,27.0
2003-05-22,26.299999
2003-05-21,26.58
2003-05-20,26.34
2003-05-19,27.469999
2003-05-16,27.42
2003-05-15,27.08
2003-05-14,27.209999
2003-05-13,25.959999
2003-05-12,24.98
2003-05-09,25.129999
2003-05-08,24.65
2003-05-07,25.01
2003-05-06,25.08
2003-05-05,25.34
2003-05-02,24.75
2003-05-01,24.790001
2003-04-30,24.92
2003-04-29,25.219999
2003-04-28,25.200001
2003-04-25,25.799999
2003-04-24,25.190001
2003-04-23,25.76
2003-04-22,25.120001
2003-04-21,25.0
2003-04-17,24.709999
2003-04-16,25.01
2003-04-15,24.120001
2003-04-14,23.790001
2003-04-11,24.35
2003-04-10,23.719999
2003-04-09,23.809999
2003-04-08,24.18
2003-04-07,25.02
2003-04-04,24.049999
2003-04-03,24.049999
2003-04-02,23.040001
2003-04-01,23.299999
2003-03-31,23.82
2003-03-28,24.280001
2003-03-27,24.700001
2003-03-26,24.49
2003-03-25,23.360001
2003-03-24,22.83
2003-03-21,23.58
2003-03-20,22.030001
2003-03-19,22.049999
2003-03-18,21.85
2003-03-17,20.120001
2003-03-14,20.5
2003-03-13,19.690001
2003-03-12,18.940001
2003-03-11,19.26
2003-03-10,19.389999
2003-03-07,19.25
2003-03-06,19.83
2003-03-05,19.98
2003-03-04,19.92
2003-03-03,20.790001
2003-02-28,20.030001
2003-02-27,19.809999
2003-02-26,19.58
2003-02-25,19.450001
2003-02-24,19.52
2003-02-21,19.5
2003-02-20,19.41
2003-02-19,19.1
2003-02-18,18.85
2003-02-14,18.309999
2003-02-13,18.690001
2003-02-12,18.200001
2003-02-11,18.0
2003-02-10,17.57
2003-02-07,17.77
2003-02-06,17.719999
2003-02-05,17.83
2003-02-04,17.83
2003-02-03,18.049999
2003-01-31,17.82
2003-01-30,18.67
2003-01-29,18.41
2003-01-28,18.35
2003-01-27,18.18
2003-01-24,19.059999
2003-01-23,18.85
2003-01-22,17.889999
2003-01-21,18.209999
2003-01-17,18.6
2003-01-16,18.299999
2003-01-15,19.969999
2003-01-14,19.559999
2003-01-13,20.33
2003-01-10,18.799999
2003-01-09,18.92
2003-01-08,18.870001
2003-01-07,17.870001
2003-01-06,17.85
2003-01-03,17.5
2003-01-02,16.59
2002-12-31,16.35
2002-12-30,16.450001
2002-12-27,16.860001
2002-12-26,17.32
2002-12-24,17.33
2002-12-23,16.799999
2002-12-20,17.01
2002-12-19,16.57
2002-12-18,17.219999
2002-12-17,17.1
2002-12-16,17.379999
2002-12-13,17.4
2002-12-12,16.799999
2002-12-11,16.299999
2002-12-10,15.87
2002-12-09,16.6
2002-12-06,16.32
2002-12-05,17.059999
2002-12-04,17.16
2002-12-03,17.360001
2002-12-02,18.700001
2002-11-29,18.49
2002-11-27,18.33
2002-11-26,18.42
2002-11-25,18.5
2002-11-22,18.700001
2002-11-21,17.99
2002-11-20,17.17
2002-11-19,17.26
2002-11-18,17.4
2002-11-15,16.379999
2002-11-14,15.96
2002-11-13,15.39
2002-11-12,15.09
2002-11-11,15.53
2002-11-08,15.48
2002-11-07,16.15
2002-11-06,17.09
2002-11-05,16.299999
2002-11-04,15.51
2002-11-01,14.7
2002-10-31,15.02
2002-10-30,14.29
2002-10-29,14.51
2002-10-28,15.35
2002-10-25,14.85
2002-10-24,15.4
2002-10-23,14.56
2002-10-22,14.51
2002-10-21,14.61
2002-10-18,14.41
2002-10-17,14.74
2002-10-16,13.8
2002-10-15,14.98
2002-10-14,12.89
2002-10-11,12.25
2002-10-10,11.36
2002-10-09,9.44
2002-10-08,9.38
2002-10-07,9.25
2002-10-04,9.54
2002-10-03,9.56
2002-10-02,9.67
2002-10-01,9.9
2002-09-30,10.38
2002-09-27,10.2
2002-09-26,10.23
2002-09-25,9.25
2002-09-24,8.95
2002-09-23,9.58
2002-09-20,9.7
2002-09-19,9.56
2002-09-18,10.0
2002-09-17,10.65
2002-09-16,10.46
2002-09-13,10.2
2002-09-12,10.48
2002-09-11,10.43
2002-09-10,10.15
2002-09-09,9.63
2002-09-06,9.56
2002-09-05,9.63
2002-09-04,9.78
2002-09-03,10.04
2002-08-30,10.17
2002-08-29,9.74
2002-08-28,10.64
2002-08-27,11.53
2002-08-26,12.16
2002-08-23,12.75
2002-08-22,13.02
2002-08-21,13.35
2002-08-20,13.17
2002-08-19,12.05
2002-08-16,12.12
2002-08-15,11.9
2002-08-14,11.13
2002-08-13,11.89
2002-08-12,11.68
2002-08-09,11.75
2002-08-08,11.39
2002-08-07,12.01
2002-08-06,11.24
2002-08-05,11.59
2002-08-02,12.17
2002-08-01,13.06
2002-07-31,13.16
2002-07-30,12.92
2002-07-29,12.95
2002-07-26,12.47
2002-07-25,13.06
2002-07-24,12.3
2002-07-23,13.54
2002-07-22,13.16
2002-07-19,13.34
2002-07-18,14.07
2002-07-17,14.24
2002-07-16,12.86
2002-07-15,12.81
2002-07-12,12.79
2002-07-11,11.15
2002-07-10,12.92
2002-07-09,12.98
2002-07-08,13.3
2002-07-05,13.18
2002-07-03,11.95
2002-07-02,13.58
2002-07-01,14.76
2002-06-28,14.1
2002-06-27,14.43
2002-06-26,13.03
2002-06-25,15.2
2002-06-24,15.39
2002-06-21,15.06
2002-06-20,16.030001
2002-06-19,16.459999
2002-06-18,16.52
2002-06-17,15.91
2002-06-14,15.5
2002-06-13,15.63
2002-06-12,15.63
2002-06-11,15.97
2002-06-10,15.87
2002-06-07,15.5
2002-06-06,15.97
2002-06-05,16.059999
2002-06-04,15.51
2002-06-03,16.120001
2002-05-31,16.629999
2002-05-30,16.360001
2002-05-29,16.49
2002-05-28,17.15
2002-05-24,16.870001
2002-05-23,16.530001
2002-05-22,16.59
2002-05-21,17.219999
2002-05-20,17.709999
2002-05-17,18.190001
2002-05-16,17.66
2002-05-15,17.17
2002-05-14,16.690001
2002-05-13,15.66
2002-05-10,16.200001
2002-05-09,15.65
2002-05-08,15.23
2002-05-07,14.78
2002-05-06,14.64
2002-05-03,15.02
2002-05-02,15.19
2002-05-01,14.79
2002-04-30,14.22
2002-04-29,14.47
2002-04-26,14.91
2002-04-25,14.24
2002-04-24,14.68
2002-04-23,14.11
2002-04-22,14.73
2002-04-19,15.2
2002-04-18,15.77
2002-04-17,15.58
2002-04-16,15.53
2002-04-15,15.9
2002-04-12,15.82
2002-04-11,16.860001
2002-04-10,18.700001
2002-04-09,18.950001
2002-04-08,17.6
2002-04-05,17.74
2002-04-04,17.809999
2002-04-03,18.23
2002-04-02,18.440001
2002-04-01,18.75
2002-03-28,18.030001
2002-03-27,17.709999
2002-03-26,17.620001
2002-03-25,18.4
2002-03-22,18.42
2002-03-21,18.35
2002-03-20,18.67
2002-03-19,19.17
2002-03-18,18.74
2002-03-15,19.5
2002-03-14,19.040001
2002-03-13,18.75
2002-03-12,19.35
2002-03-11,18.51
2002-03-08,18.440001
2002-03-07,18.309999
2002-03-06,17.85
2002-03-05,17.290001
2002-03-04,17.129999
2002-03-01,14.93
2002-02-28,14.63
2002-02-27,15.09
2002-02-26,15.11
2002-02-25,14.42
2002-02-22,14.3
2002-02-21,15.15
2002-02-20,14.74
2002-02-19,15.12
2002-02-15,16.700001
2002-02-14,16.92
2002-02-13,16.68
2002-02-12,16.379999
2002-02-11,16.4
2002-02-08,15.41
2002-02-07,15.66
2002-02-06,16.09
2002-02-05,15.56
2002-02-04,16.549999
2002-02-01,17.26
2002-01-31,17.700001
2002-01-30,18.190001
2002-01-29,18.809999
2002-01-28,18.83
2002-01-25,18.32
2002-01-24,18.93
2002-01-23,18.799999
2002-01-22,19.9
2002-01-18,19.66
2002-01-17,19.370001
2002-01-16,18.92
2002-01-15,19.219999
2002-01-14,19.709999
2002-01-11,20.52
2002-01-10,20.059999
2002-01-09,19.799999
2002-01-08,19.4
2002-01-07,18.700001
2002-01-04,19.0
2002-01-03,18.700001
2002-01-02,18.139999
2001-12-31,18.51
2001-12-28,18.65
2001-12-27,17.950001
2001-12-26,18.049999
2001-12-24,16.889999
2001-12-21,16.969999
2001-12-20,17.6
2001-12-19,17.950001
2001-12-18,18.34
2001-12-17,17.200001
2001-12-14,18.040001
2001-12-13,18.209999
2001-12-12,19.030001
2001-12-11,18.5
2001-12-10,17.629999
2001-12-07,17.91
2001-12-06,17.540001
2001-12-05,17.129999
2001-12-04,16.290001
2001-12-03,16.299999
2001-11-30,16.700001
2001-11-29,16.6
2001-11-28,17.040001
2001-11-27,17.4
2001-11-26,16.35
2001-11-23,15.18
2001-11-21,14.98
2001-11-20,15.88
2001-11-19,16.040001
2001-11-16,15.27
2001-11-15,14.89
2001-11-14,14.57
2001-11-13,14.26
2001-11-12,13.55
2001-11-09,13.22
2001-11-08,13.78
2001-11-07,12.8
2001-11-06,11.9
2001-11-05,11.26
2001-11-02,11.13
2001-11-01,11.07
2001-10-31,11.53
2001-10-30,11.04
2001-10-29,11.95
2001-10-26,12.14
2001-10-25,11.47
2001-10-24,11.78
2001-10-23,11.93
2001-10-22,11.4
2001-10-19,11.12
2001-10-18,11.49
2001-10-17,13.03
2001-10-16,12.19
2001-10-15,11.86
2001-10-12,12.21
2001-10-11,11.96
2001-10-10,10.08
2001-10-09,10.41
2001-10-08,10.05
2001-10-05,10.3
2001-10-04,10.17
2001-10-03,8.91
2001-10-02,9.02
2001-10-01,8.7
2001-09-28,9.16
2001-09-27,8.04
2001-09-26,9.35
2001-09-25,9.16
2001-09-24,9.09
2001-09-21,9.33
2001-09-20,9.95
2001-09-19,10.19
2001-09-18,10.8
2001-09-17,10.55
2001-09-10,10.73
2001-09-07,10.74
2001-09-06,11.03
2001-09-05,11.69
2001-09-04,11.96
2001-08-31,11.32
2001-08-30,12.0
2001-08-29,13.14
2001-08-28,13.52
2001-08-27,14.07
2001-08-24,13.38
2001-08-23,13.29
2001-08-22,13.44
2001-08-21,14.68
2001-08-20,14.04
2001-08-17,14.5
2001-08-16,13.96
2001-08-15,15.05
2001-08-14,15.89
2001-08-13,15.52
2001-08-10,16.09
2001-08-09,16.559999
2001-08-08,17.23
2001-08-07,17.35
2001-08-06,17.75
2001-08-03,18.49
2001-08-02,18.690001
2001-08-01,18.059999
2001-07-31,17.950001
2001-07-30,18.18
2001-07-27,17.42
2001-07-26,16.879999
2001-07-25,16.99
2001-07-24,17.08
2001-07-23,18.23
2001-07-20,17.280001
2001-07-19,17.57
2001-07-18,17.950001
2001-07-17,17.84
2001-07-16,18.030001
2001-07-13,18.17
2001-07-12,18.57
2001-07-11,16.940001
2001-07-10,18.92
2001-07-09,18.15
2001-07-06,18.940001
2001-07-05,20.0
2001-07-03,19.76
2001-07-02,19.66
2001-06-29,19.459999
2001-06-28,19.209999
2001-06-27,19.5
2001-06-26,19.049999
2001-06-25,18.09
2001-06-22,18.040001
2001-06-21,18.18
2001-06-20,15.31
2001-06-19,16.379999
2001-06-18,16.51
2001-06-15,16.15
2001-06-14,17.059999
2001-06-13,18.33
2001-06-12,17.5
2001-06-11,18.24
2001-06-08,19.389999
2001-06-07,19.299999
2001-06-06,19.889999
2001-06-05,19.700001
2001-06-04,20.459999
2001-06-01,18.59
2001-05-31,17.93
2001-05-30,18.370001
2001-05-29,20.85
2001-05-25,21.32
2001-05-24,20.4
2001-05-23,21.870001
2001-05-22,22.15
2001-05-21,19.4
2001-05-18,19.559999
2001-05-17,19.49
2001-05-16,17.82
2001-05-15,17.299999
2001-05-14,17.799999
2001-05-11,18.24
2001-05-10,19.32
2001-05-09,19.24
2001-05-08,20.360001
2001-05-07,20.02
2001-05-04,19.870001
2001-05-03,21.809999
2001-05-02,22.77
2001-05-01,20.110001
2001-04-30,20.26
2001-04-27,19.110001
2001-04-26,18.950001
2001-04-25,17.85
2001-04-24,18.25
2001-04-23,19.110001
2001-04-20,20.200001
2001-04-19,18.99
2001-04-18,18.41
2001-04-17,17.32
2001-04-16,16.52
2001-04-12,15.88
2001-04-11,17.0
2001-04-10,16.040001
2001-04-09,15.82
2001-04-06,15.25
2001-04-05,15.0625
2001-04-04,11.875
2001-04-03,13.5625
2001-04-02,15.375
2001-03-30,15.0
2001-03-29,14.875
2001-03-28,15.375
2001-03-27,14.5
2001-03-26,15.125
2001-03-23,15.375
2001-03-22,14.0625
2001-03-21,13.9375
2001-03-20,15.25
2001-03-19,14.0625
2001-03-16,14.625
2001-03-15,15.875
2001-03-14,15.375
2001-03-13,16.75
2001-03-12,16.25
2001-03-09,17.1875
2001-03-08,17.0625
2001-03-07,21.9687
2001-03-06,23.5
2001-03-05,22.5
2001-03-02,22.921801
2001-03-01,23.5625
2001-02-28,23.6875
2001-02-27,25.25
2001-02-26,25.875
2001-02-23,24.1875
2001-02-22,26.5
2001-02-21,26.1875
2001-02-20,28.9375
2001-02-16,29.3125
2001-02-15,29.0
2001-02-14,27.4375
2001-02-13,28.9375
2001-02-12,28.3125
2001-02-09,30.1875
2001-02-08,33.6875
2001-02-07,35.125
2001-02-06,35.1875
2001-02-05,32.6875
2001-02-02,36.5
2001-02-01,37.5
2001-01-31,39.8125
2001-01-30,41.125
2001-01-29,37.75
2001-01-26,37.625
2001-01-25,41.875
2001-01-24,38.3125
2001-01-23,34.4375
2001-01-22,33.3125
2001-01-19,36.0
2001-01-18,31.0
2001-01-17,28.625
2001-01-16,27.0
2001-01-12,26.0625
2001-01-11,24.421801
2001-01-10,29.3125
2001-01-09,26.5625
2001-01-08,27.375
2001-01-05,29.375
2001-01-04,29.859301
2001-01-03,27.75
2001-01-02,30.3125
2000-12-29,30.3125
2000-12-28,29.4375
2000-12-27,31.0
2000-12-26,32.0
2000-12-22,26.4375
2000-12-21,26.75
2000-12-20,25.8125
2000-12-19,30.5625
2000-12-18,33.875
2000-12-15,32.0
2000-12-14,35.3125
2000-12-13,38.3125
2000-12-12,33.25
2000-12-11,33.625
2000-12-08,37.125
2000-12-07,36.0625
2000-12-06,41.625
2000-12-05,39.6875
2000-12-04,38.4375
2000-12-01,38.8125
2000-11-30,37.5937
2000-11-29,37.140598
2000-11-28,39.9375
2000-11-27,43.734299
2000-11-24,40.25
2000-11-22,40.375
2000-11-21,47.0
2000-11-20,50.375
2000-11-17,52.203098
2000-11-16,55.0
2000-11-15,58.25
2000-11-14,57.6875
2000-11-13,54.8125
2000-11-10,57.8125
2000-11-09,60.859299
2000-11-08,69.25
2000-11-07,65.9375
2000-11-06,70.25
2000-11-03,69.375
2000-11-02,66.5
2000-11-01,57.7812
2000-10-31,53.6875
2000-10-30,53.8125
2000-10-27,57.125
2000-10-26,56.75
2000-10-25,60.875
2000-10-24,61.4375
2000-10-23,60.25
2000-10-20,59.375
2000-10-19,57.375
2000-10-18,46.4375
2000-10-17,55.9375
2000-10-16,60.75
2000-10-13,55.1875
2000-10-12,66.6875
2000-10-11,72.6875
2000-10-10,87.375
2000-10-09,81.5625
2000-10-06,85.5
2000-10-05,88.5
2000-10-04,84.4375
2000-10-03,87.5
2000-10-02,91.5625
2000-09-29,97.125
2000-09-28,91.375
2000-09-27,102.75
2000-09-26,106.0
2000-09-25,110.343697
2000-09-22,103.875
2000-09-21,108.859299
2000-09-20,109.25
2000-09-19,105.5
2000-09-18,104.1875
2000-09-15,107.0
2000-09-14,107.8125
2000-09-13,105.5625
2000-09-12,108.8125
2000-09-11,103.25
2000-09-08,107.1875
2000-09-07,110.5625
2000-09-06,117.375
2000-09-05,111.875
2000-09-01,117.875
2000-08-31,123.625
2000-08-30,121.6875
2000-08-29,120.734299
2000-08-28,128.5
2000-08-25,138.8125
2000-08-24,133.375
2000-08-23,125.75
2000-08-22,129.0
2000-08-21,124.6875
2000-08-18,130.375
2000-08-17,133.3125
2000-08-16,134.5
2000-08-15,131.1875
2000-08-14,129.25
2000-08-11,128.25
2000-08-10,132.5625
2000-08-09,136.375
2000-08-08,135.1875
2000-08-07,133.468704
2000-08-04,132.75
2000-08-03,124.875
2000-08-02,126.6875
2000-08-01,128.5
2000-07-31,126.1875
2000-07-28,134.6875
2000-07-27,134.1875
2000-07-26,136.3125
2000-07-25,134.0625
2000-07-24,136.875
2000-07-21,138.125
2000-07-20,134.0
2000-07-19,130.0625
2000-07-18,129.375
2000-07-17,126.75
2000-07-14,124.625
2000-07-13,125.5625
2000-07-12,120.5
2000-07-11,104.9375
2000-07-10,113.8125
2000-07-07,117.0625
2000-07-06,121.375
2000-07-05,126.0
2000-07-03,122.5
2000-06-30,118.8125
2000-06-29,122.5625
2000-06-28,125.3125
2000-06-27,118.875
2000-06-26,124.5
2000-06-23,129.25
2000-06-22,141.875
2000-06-21,142.3125
2000-06-20,140.375
2000-06-19,140.0
2000-06-16,139.875
2000-06-15,138.25
2000-06-14,140.0625
2000-06-13,136.6875
2000-06-12,145.0
2000-06-09,146.5625
2000-06-08,146.875
2000-06-07,138.5
2000-06-06,135.75
2000-06-05,130.875
2000-06-02,129.859299
2000-06-01,116.1875
2000-05-31,113.75
2000-05-30,115.6875
2000-05-26,114.5
2000-05-25,121.5
2000-05-24,117.5
2000-05-23,125.25
2000-05-22,120.125
2000-05-19,131.375
2000-05-18,137.5
2000-05-17,132.5
2000-05-16,133.375
2000-05-15,125.125
2000-05-12,126.5
2000-05-11,121.8125
2000-05-10,115.3125
2000-05-09,121.5
2000-05-08,122.9375
2000-05-05,122.0
2000-05-04,124.5
2000-05-03,120.3125
2000-05-02,129.125
2000-05-01,134.75
2000-04-28,126.75
2000-04-27,114.5
2000-04-26,124.5
2000-04-25,118.75
2000-04-24,115.0
2000-04-20,126.5
2000-04-19,129.375
2000-04-18,116.9375
2000-04-17,111.25
2000-04-14,130.25
2000-04-13,136.968704
2000-04-12,136.625
2000-04-11,139.5625
2000-04-10,152.875
2000-04-07,156.75
2000-04-06,161.9375
2000-04-05,162.0
2000-04-04,165.0
2000-04-03,168.75
2000-03-31,175.25
2000-03-30,172.5
2000-03-29,193.4375
2000-03-28,197.0
2000-03-27,195.625
2000-03-24,193.5
2000-03-23,193.375
2000-03-22,189.4375
2000-03-21,173.0
2000-03-20,172.1875
2000-03-17,169.125
2000-03-16,159.1875
2000-03-15,168.75
2000-03-14,178.5
2000-03-13,168.125
2000-03-10,181.171799
2000-03-09,175.25
2000-03-08,174.625
2000-03-07,174.875
2000-03-06,163.5
2000-03-03,156.0
2000-03-02,155.015594
2000-03-01,157.5
2000-02-29,164.4375
2000-02-28,161.484299
2000-02-25,165.625
2000-02-24,166.484299
2000-02-23,153.625
2000-02-22,156.875
2000-02-18,161.25
2000-02-17,165.875
2000-02-16,168.25
2000-02-15,166.375
2000-02-14,173.5
2000-02-11,363.875
2000-02-10,362.5
2000-02-09,370.0
2000-02-08,359.0
2000-02-07,354.046814
2000-02-04,364.5
2000-02-03,334.859314
2000-02-02,321.484314
2000-02-01,319.4375
2000-01-31,310.0
2000-01-28,333.5625
2000-01-27,332.4375
2000-01-26,340.5
2000-01-25,327.0
2000-01-24,353.9375
2000-01-21,355.0
2000-01-20,369.0625
2000-01-19,336.0
2000-01-18,341.75
2000-01-14,355.0
2000-01-13,366.5
2000-01-12,389.875
2000-01-11,423.875
2000-01-10,432.5
2000-01-07,366.75
2000-01-06,406.25
2000-01-05,430.5
2000-01-04,464.5
2000-01-03,442.921814
1999-12-31,420.4375
1999-12-30,421.75
1999-12-29,396.4375
1999-12-28,410.0
1999-12-27,393.75
1999-12-23,417.5
1999-12-22,405.75
1999-12-21,367.625
1999-12-20,348.0
1999-12-17,344.75
1999-12-16,332.5
1999-12-15,327.375
1999-12-14,348.25
1999-12-13,348.015594
1999-12-10,346.75
1999-12-09,319.875
1999-12-08,324.0
1999-12-07,296.0
1999-12-06,253.0
1999-12-03,249.984299
1999-12-02,230.375
1999-12-01,230.0
1999-11-30,223.4375
1999-11-29,229.25
1999-11-26,233.0
1999-11-24,226.25
1999-11-23,226.0
1999-11-22,219.5
1999-11-19,213.9375
1999-11-18,206.625
1999-11-17,211.0625
1999-11-16,205.6875
1999-11-15,196.0
1999-11-12,196.0
1999-11-11,198.5
1999-11-10,193.375
1999-11-09,199.25
1999-11-08,182.625
1999-11-05,186.125
1999-11-04,183.0625
1999-11-03,179.4375
1999-11-02,181.0
1999-11-01,179.5
1999-10-29,178.5
1999-10-28,174.0625
1999-10-27,177.5
1999-10-26,179.25
1999-10-25,176.593704
1999-10-22,182.25
1999-10-21,176.875
1999-10-20,176.75
1999-10-19,174.5
1999-10-18,169.6875
1999-10-15,167.0
1999-10-14,169.9375
1999-10-13,173.1875
1999-10-12,181.875
1999-10-11,187.0
1999-10-08,188.0
1999-10-07,184.6875
1999-10-06,176.0
1999-10-05,172.218704
1999-10-04,177.1875
1999-10-01,178.5
1999-09-30,179.625
1999-09-29,182.0
1999-09-28,181.25
1999-09-27,186.0
1999-09-24,173.3125
1999-09-23,180.3125
1999-09-22,169.5
1999-09-21,165.8125
1999-09-20,164.5
1999-09-17,162.8125
1999-09-16,162.125
1999-09-15,168.25
1999-09-14,159.75
1999-09-13,166.75
1999-09-10,165.625
1999-09-09,157.8125
1999-09-08,152.8125
1999-09-07,153.5625
1999-09-03,147.625
1999-09-02,140.25
1999-09-01,148.75
1999-08-31,142.4375
1999-08-30,148.5
1999-08-27,153.375
1999-08-26,157.5
1999-08-25,154.75
1999-08-24,149.9375
1999-08-23,147.0
1999-08-20,139.625
1999-08-19,141.5
1999-08-18,143.25
1999-08-17,136.375
1999-08-16,132.0
1999-08-13,132.375
1999-08-12,128.0
1999-08-11,130.25
1999-08-10,120.75
1999-08-09,128.125
1999-08-06,131.125
1999-08-05,120.125
1999-08-04,125.0
1999-08-03,134.4375
1999-08-02,135.0625
1999-07-30,137.75
1999-07-29,139.125
1999-07-28,133.4375
1999-07-27,138.125
1999-07-26,141.5
1999-07-23,146.5625
1999-07-22,148.3125
1999-07-21,142.875
1999-07-20,148.125
1999-07-19,150.875
1999-07-16,153.75
1999-07-15,160.5
1999-07-14,159.75
1999-07-13,147.875
1999-07-12,159.5
1999-07-09,165.4375
1999-07-08,173.8125
1999-07-07,172.25
1999-07-06,182.5
1999-07-02,177.0
1999-07-01,174.375
1999-06-30,159.875
1999-06-29,155.8125
1999-06-28,147.5625
1999-06-25,152.75
1999-06-24,155.0
1999-06-23,149.75
1999-06-22,157.375
1999-06-21,148.5
1999-06-18,141.375
1999-06-17,139.625
1999-06-16,133.25
1999-06-15,117.625
1999-06-14,134.6875
1999-06-11,144.375
1999-06-10,143.6875
1999-06-09,144.875
1999-06-08,152.375
1999-06-07,146.625
1999-06-04,136.125
1999-06-03,142.5
1999-06-02,136.25
1999-06-01,145.3125
1999-05-28,134.5
1999-05-27,139.0
1999-05-26,130.0
1999-05-25,138.4375
1999-05-24,149.375
1999-05-21,153.25
1999-05-20,158.375
1999-05-19,158.9375
1999-05-18,159.375
1999-05-17,155.0625
1999-05-14,154.4375
1999-05-13,171.5
1999-05-12,170.875
1999-05-11,164.375
1999-05-10,148.25
1999-05-07,151.625
1999-05-06,162.0
1999-05-05,160.375
1999-05-04,162.25
1999-05-03,171.125
1999-04-30,180.0625
1999-04-29,168.125
1999-04-28,182.75
1999-04-27,194.9375
1999-04-26,189.125
1999-04-23,183.375
1999-04-22,182.6875
1999-04-21,174.625
1999-04-20,161.25
1999-04-19,188.875
1999-04-16,195.5
1999-04-15,189.75
1999-04-14,204.25
1999-04-13,204.75
1999-04-12,193.125
1999-04-09,204.6875
1999-04-08,217.0
1999-04-07,229.0
1999-04-06,220.0
1999-04-05,186.25
1999-04-01,179.0
1999-03-31,176.0
1999-03-30,175.375
1999-03-29,177.0
1999-03-26,174.375
1999-03-25,167.9375
1999-03-24,152.375
1999-03-23,162.0
1999-03-22,170.875
1999-03-19,176.75
1999-03-18,170.0625
1999-03-17,174.125
1999-03-16,180.3125
1999-03-15,177.0
1999-03-12,178.75
1999-03-11,177.875
1999-03-10,173.0
1999-03-09,170.8125
1999-03-08,162.359299
1999-03-05,158.375
1999-03-04,156.75
1999-03-03,154.875
1999-03-02,161.375
1999-03-01,153.5625
1999-02-26,155.5
1999-02-25,149.5625
1999-02-24,156.5
1999-02-23,148.5
1999-02-22,137.0
1999-02-19,133.5625
1999-02-18,134.0
1999-02-17,134.5
1999-02-16,152.5
1999-02-12,154.5625
1999-02-11,149.0
1999-02-10,139.5
1999-02-09,157.375
1999-02-08,172.75
1999-02-05,344.125
1999-02-04,356.5
1999-02-03,323.125
1999-02-02,335.75
1999-02-01,357.0
1999-01-29,360.0
1999-01-28,348.875
1999-01-27,372.375
1999-01-26,319.5
1999-01-25,296.75
1999-01-22,253.0
1999-01-21,274.0625
1999-01-20,326.4375
1999-01-19,339.875
1999-01-15,344.9375
1999-01-14,371.875
1999-01-13,399.125
1999-01-12,438.625
1999-01-11,367.9375
1999-01-08,346.0
1999-01-07,284.0
1999-01-06,268.0
1999-01-05,242.5625
1999-01-04,242.0
1998-12-31,241.875
1998-12-30,266.0
1998-12-29,275.375
1998-12-28,253.5
1998-12-24,246.125
1998-12-23,251.25
1998-12-22,252.5
1998-12-21,221.0
1998-12-18,211.625
1998-12-17,200.125
1998-12-16,204.125
1998-12-15,194.5
1998-12-14,192.375
1998-12-11,191.125
1998-12-10,198.4375
1998-12-09,200.0
1998-12-08,189.5
1998-12-07,192.5
1998-12-04,191.3125
1998-12-03,197.75
1998-12-02,204.8125
1998-12-01,183.875
1998-11-30,217.625
1998-11-27,212.8125
1998-11-25,210.75
1998-11-24,216.0
1998-11-23,196.875
1998-11-20,193.0
1998-11-19,193.9375
1998-11-18,179.375
1998-11-17,171.6875
1998-11-16,173.75
1998-11-13,176.875
1998-11-12,163.5
1998-11-11,177.5
1998-11-10,168.5
1998-11-09,154.0
1998-11-06,151.9375
1998-11-05,149.8125
1998-11-04,147.625
1998-11-03,144.75
1998-11-02,133.0625
1998-10-30,129.875
1998-10-29,128.25
1998-10-28,123.625
1998-10-27,130.5
1998-10-26,123.25
1998-10-23,121.6875
1998-10-22,118.9375
1998-10-21,117.625
1998-10-20,120.25
1998-10-19,114.625
1998-10-16,120.125
1998-10-15,112.875
1998-10-14,108.5
1998-10-13,113.4375
1998-10-12,110.5
1998-10-09,107.875
1998-10-08,104.125
1998-10-07,122.6875
1998-10-06,131.125
1998-10-05,126.125
1998-10-02,115.5625
1998-10-01,123.375
1998-09-30,128.968704
1998-09-29,128.75
1998-09-28,126.0
1998-09-25,112.0
1998-09-24,118.75
1998-09-23,104.75
1998-09-22,98.25
1998-09-21,87.25
1998-09-18,90.0
1998-09-17,89.375
1998-09-16,85.8125
1998-09-15,82.625
1998-09-14,82.25
1998-09-11,80.5
1998-09-10,76.75
1998-09-09,83.625
1998-09-08,82.875
1998-09-04,76.9375
1998-09-03,74.0
1998-09-02,77.0
1998-09-01,66.125
1998-08-31,83.0
1998-08-28,90.875
1998-08-27,94.5
1998-08-26,95.75
1998-08-25,98.9375
1998-08-24,96.0
1998-08-21,96.125
1998-08-20,95.375
1998-08-19,98.875
1998-08-18,92.875
1998-08-17,90.875
1998-08-14,94.0
1998-08-13,95.125
1998-08-12,93.5
1998-08-11,89.6875
1998-08-10,92.0
1998-08-07,88.625
1998-08-06,82.0
1998-08-05,85.875
1998-08-04,88.625
1998-08-03,90.0
1998-07-31,183.75
1998-07-30,177.375
1998-07-29,185.75
1998-07-28,188.5
1998-07-27,178.75
1998-07-24,191.5
1998-07-23,194.125
1998-07-22,190.0
1998-07-21,196.625
1998-07-20,186.5
1998-07-17,185.75
1998-07-16,182.375
1998-07-15,187.375
1998-07-14,188.75
1998-07-13,177.625
1998-07-10,181.375
1998-07-09,199.75
1998-07-08,185.0
1998-07-07,206.75
1998-07-06,178.875
1998-07-02,173.5
1998-07-01,160.125
1998-06-30,154.75
1998-06-29,149.5
1998-06-26,150.75
1998-06-25,148.5
1998-06-24,148.9375
1998-06-23,139.25
1998-06-22,129.0
1998-06-19,127.125
1998-06-18,132.75
1998-06-17,124.625
1998-06-16,116.375
1998-06-15,111.875
1998-06-12,116.0
1998-06-11,115.125
1998-06-10,117.0
1998-06-09,111.0625
1998-06-08,105.0
1998-06-05,102.5
1998-06-04,102.0
1998-06-03,105.75
1998-06-02,105.0
1998-06-01,108.25
1998-05-29,110.5
1998-05-28,114.125
1998-05-27,106.5
1998-05-26,115.125
1998-05-22,116.375
1998-05-21,118.5
1998-05-20,119.375
1998-05-19,117.75
1998-05-18,118.875
1998-05-15,122.0
1998-05-14,123.0625
1998-05-13,116.0
1998-05-12,113.5
1998-05-11,118.625
1998-05-08,114.75
1998-05-07,115.0
1998-05-06,117.125
1998-05-05,118.375
1998-05-04,120.0625
1998-05-01,119.375
1998-04-30,120.25
1998-04-29,118.0
1998-04-28,117.1875
1998-04-27,111.625
1998-04-24,113.875
1998-04-23,115.625
1998-04-22,124.25
1998-04-21,126.75
1998-04-20,122.25
1998-04-17,123.625
1998-04-16,119.0
1998-04-15,116.75
1998-04-14,112.75
1998-04-13,112.5
1998-04-09,107.75
1998-04-08,94.0
1998-04-07,98.5
1998-04-06,103.75
1998-04-03,105.0625
1998-04-02,99.0
1998-04-01,92.4375
1998-03-31,94.0
1998-03-30,91.625
1998-03-27,90.1875
1998-03-26,88.125
1998-03-25,88.125
1998-03-24,82.75
1998-03-23,82.5
1998-03-20,84.375
1998-03-19,85.75
1998-03-18,82.5
1998-03-17,85.125
1998-03-16,85.5
1998-03-13,82.25
1998-03-12,83.875
1998-03-11,85.375
1998-03-10,90.5
1998-03-09,81.75
1998-03-06,76.75
1998-03-05,69.5
1998-03-04,71.75
1998-03-03,72.0
1998-03-02,74.75
1998-02-27,68.25
1998-02-26,62.0
1998-02-25,61.875
1998-02-24,63.875
1998-02-23,64.375
1998-02-20,64.5
1998-02-19,63.5
1998-02-18,64.25
1998-02-17,64.5
1998-02-13,64.75
1998-02-12,64.25
1998-02-11,64.625
1998-02-10,64.0
1998-02-09,64.75
1998-02-06,62.125
1998-02-05,64.375
1998-02-04,64.625
1998-02-03,65.75
1998-02-02,64.25
1998-01-30,63.0
1998-01-29,58.0
1998-01-28,60.625
1998-01-27,60.25
1998-01-26,62.375
1998-01-23,62.75
1998-01-22,63.375
1998-01-21,64.125
1998-01-20,65.25
1998-01-16,66.0
1998-01-15,65.25
1998-01-14,66.75
1998-01-13,64.75
1998-01-12,60.0
1998-01-09,64.5
1998-01-08,64.0
1998-01-07,62.75
1998-01-06,61.75
1998-01-05,64.375
1998-01-02,69.25
1997-12-31,70.625
1997-12-30,68.875
1997-12-29,67.0
1997-12-26,64.3125
1997-12-24,65.1875
1997-12-23,64.0
1997-12-22,61.875
1997-12-19,57.5
1997-12-18,59.5
1997-12-17,60.5
1997-12-16,57.875
1997-12-15,60.0
1997-12-12,58.75
1997-12-11,57.0
1997-12-10,58.5
1997-12-09,58.875
1997-12-08,56.5
1997-12-05,53.5625
1997-12-04,54.375
1997-12-03,52.5
1997-12-02,53.75
1997-12-01,51.5
1997-11-28,51.125
1997-11-26,51.75
1997-11-25,50.25
1997-11-24,52.5
1997-11-21,54.125
1997-11-20,51.25
1997-11-19,50.875
1997-11-18,51.625
1997-11-17,49.875
1997-11-14,46.0
1997-11-13,45.125
1997-11-12,44.75
1997-11-11,49.125
1997-11-10,49.625
1997-11-07,49.0
1997-11-06,53.0
1997-11-05,50.875
1997-11-04,45.625
1997-11-03,45.0
1997-10-31,43.125
1997-10-30,39.375
1997-10-29,44.5
1997-10-28,34.125
1997-10-27,47.0
1997-10-24,51.75
1997-10-23,50.75
1997-10-22,52.375
1997-10-21,49.75
1997-10-20,48.75
1997-10-17,48.25
1997-10-16,51.75
1997-10-15,50.75
1997-10-14,51.625
1997-10-13,53.125
1997-10-10,54.0
1997-10-09,55.5
1997-10-08,57.25
1997-10-07,57.75
1997-10-06,55.25
1997-10-03,55.0
1997-10-02,51.125
1997-10-01,50.25
1997-09-30,50.625
1997-09-29,50.5
1997-09-26,50.5
1997-09-25,51.75
1997-09-24,51.125
1997-09-23,54.125
1997-09-22,52.125
1997-09-19,49.5
1997-09-18,49.125
1997-09-17,51.5
1997-09-16,48.25
1997-09-15,53.0
1997-09-12,56.625
1997-09-11,53.0
1997-09-10,51.6875
1997-09-09,48.125
1997-09-08,46.75
1997-09-05,42.25
1997-09-04,41.25
1997-09-03,40.375
1997-09-02,40.25
1997-08-29,56.500002
1997-08-28,55.375002
1997-08-27,55.875
1997-08-26,56.500002
1997-08-25,55.999998
1997-08-22,53.500002
1997-08-21,57.499998
1997-08-20,55.5
1997-08-19,52.624998
1997-08-18,48.625002
1997-08-15,49.5
1997-08-14,50.374998
1997-08-13,51.0
1997-08-12,53.500002
1997-08-11,54.0
1997-08-08,53.500002
1997-08-07,55.5
1997-08-06,54.625002
1997-08-05,53.749998
1997-08-04,54.75
1997-08-01,55.999998
1997-07-31,55.000002
1997-07-30,49.750002
1997-07-29,47.625
1997-07-28,48.250002
1997-07-25,47.750001
1997-07-24,49.000002
1997-07-23,50.749998
1997-07-22,49.750002
1997-07-21,47.499999
1997-07-18,46.374999
1997-07-17,49.125
1997-07-16,51.250002
1997-07-15,48.250002
1997-07-14,44.000001
1997-07-11,42.999999
1997-07-10,45.375
1997-07-09,40.749999
1997-07-08,37.749999
1997-07-07,33.999999
1997-07-03,34.374999
1997-07-02,34.125
1997-07-01,35.000001
1997-06-30,34.374999
1997-06-27,36.125001
1997-06-26,36.624999
1997-06-25,37.562499
1997-06-24,37.250001
1997-06-23,38.124999
1997-06-20,35.000001
1997-06-19,34.5
1997-06-18,34.749999
1997-06-17,34.749999
1997-06-16,32.499999
1997-06-13,32.000001
1997-06-12,31.250001
1997-06-11,32.375001
1997-06-10,32.499999
1997-06-09,32.000001
1997-06-06,32.000001
1997-06-05,32.124999
1997-06-04,32.750001
1997-06-03,33.125001
1997-06-02,32.750001
1997-05-30,31.5
1997-05-29,31.875
1997-05-28,31.625001
1997-05-27,31.374999
1997-05-23,31.250001
1997-05-22,33.249999
1997-05-21,32.375001
1997-05-20,32.124999
1997-05-19,31.749999
1997-05-16,30.624999
1997-05-15,30.249999
1997-05-14,30.500001
1997-05-13,32.750001
1997-05-12,33.999999
1997-05-09,34.374999
1997-05-08,33.875001
1997-05-07,32.625
1997-05-06,35.375001
1997-05-05,35.499999
1997-05-02,33.75
1997-05-01,34.5
1997-04-30,31.875
1997-04-29,31.625001
1997-04-28,30.249999
1997-04-25,30.624999
1997-04-24,31.250001
1997-04-23,27.75
1997-04-22,28.0937
1997-04-21,30.500001
1997-04-18,33.125001
1997-04-17,31.5
1997-04-16,30.999999
1997-04-15,33.0
1997-04-14,33.875001
1997-04-11,31.5
1997-04-10,34.875
1997-04-09,34.625001
1997-04-08,33.624999
1997-04-07,32.750001
1997-04-04,29.124999
1997-04-03,30.0
1997-04-02,29.375001
1997-04-01,27.875001
1997-03-31,28.875
1997-03-27,30.0
1997-03-26,28.125
1997-03-25,29.375001
1997-03-24,28.749999
1997-03-21,29.375001
1997-03-20,27.125001
1997-03-19,22.75
1997-03-18,23.25
1997-03-17,25.5
1997-03-14,23.125
1997-03-13,25.625001
1997-03-12,26.000001
1997-03-11,26.750001
1997-03-10,27.249999
1997-03-07,26.25
1997-03-06,26.750001
1997-03-05,28.625001
1997-03-04,30.125001
1997-03-03,29.874999
1997-02-28,30.624999
1997-02-27,31.250001
1997-02-26,32.000001
1997-02-25,31.250001
1997-02-24,31.250001
1997-02-21,32.000001
1997-02-20,32.750001
1997-02-19,33.999999
1997-02-18,34.250001
1997-02-14,35.499999
1997-02-13,35.499999
1997-02-12,32.124999
1997-02-11,29.25
1997-02-10,30.125001
1997-02-07,31.749999
1997-02-06,33.500001
1997-02-05,34.374999
1997-02-04,34.625001
1997-02-03,33.875001
1997-01-31,34.5
1997-01-30,33.0
1997-01-29,32.625
1997-01-28,36.624999
1997-01-27,33.125001
1997-01-24,34.625001
1997-01-23,32.124999
1997-01-22,31.625001
1997-01-21,28.875
1997-01-20,26.499999
1997-01-17,26.000001
1997-01-16,25.374999
1997-01-15,23.0
1997-01-14,21.875
1997-01-13,19.875
1997-01-10,19.0
1997-01-09,18.875
1997-01-08,20.1875
1997-01-07,19.875
1997-01-06,19.125
1997-01-03,17.625
1997-01-02,17.0
1996-12-31,17.5
1996-12-30,18.25
1996-12-27,18.25
1996-12-26,18.0
1996-12-24,18.125
1996-12-23,17.5
1996-12-20,18.125
1996-12-19,18.5
1996-12-18,18.0
1996-12-17,18.625
1996-12-16,20.0
1996-12-13,19.5
1996-12-12,19.5
1996-12-11,19.875
1996-12-10,21.25
1996-12-09,20.375
1996-12-06,20.25
1996-12-05,19.75
1996-12-04,19.875
1996-12-03,18.75
1996-12-02,18.75
1996-11-29,18.5
1996-11-27,19.0
1996-11-26,19.25
1996-11-25,17.625
1996-11-22,17.5
1996-11-21,17.625
1996-11-20,17.875
1996-11-19,18.125
1996-11-18,18.25
1996-11-15,18.375
1996-11-14,19.0
1996-11-13,19.75
1996-11-12,19.875
1996-11-11,19.5
1996-11-08,18.125
1996-11-07,17.875
1996-11-06,18.0
1996-11-05,19.0
1996-11-04,19.5
1996-11-01,19.5
1996-10-31,20.0
1996-10-30,20.5
1996-10-29,20.625
1996-10-28,20.5
1996-10-25,20.875
1996-10-24,21.0
1996-10-23,21.25
1996-10-22,21.875
1996-10-21,21.75
1996-10-18,22.25
1996-10-17,21.125
1996-10-16,21.375
1996-10-15,21.5
1996-10-14,20.875
1996-10-11,20.375
1996-10-10,22.75
1996-10-09,20.875
1996-10-08,22.375
1996-10-07,22.0
1996-10-04,23.125
1996-10-03,22.125
1996-10-02,20.375
1996-10-01,21.0
1996-09-30,21.75
1996-09-27,21.875
1996-09-26,21.625
1996-09-25,22.5
1996-09-24,23.75
1996-09-23,23.875
1996-09-20,21.5
1996-09-19,20.75
1996-09-18,21.5
1996-09-17,21.125
1996-09-16,20.625
1996-09-13,19.875
1996-09-12,18.75
1996-09-11,18.75
1996-09-10,18.75
1996-09-09,18.125
1996-09-06,18.25
1996-09-05,18.375
1996-09-04,19.0
1996-09-03,19.0
1996-08-30,19.875
1996-08-29,20.875
1996-08-28,20.125
1996-08-27,19.75
1996-08-26,20.125
1996-08-23,19.75
1996-08-22,18.625
1996-08-21,19.125
1996-08-20,19.625
1996-08-19,19.375
1996-08-16,19.5
1996-08-15,20.375
1996-08-14,20.125
1996-08-13,17.0
1996-08-12,17.5
1996-08-09,17.375
1996-08-08,18.0
1996-08-07,17.875
1996-08-06,19.25
1996-08-05,19.0
1996-08-02,18.5
1996-08-01,18.0
1996-07-31,17.0
1996-07-30,16.25
1996-07-29,16.25
1996-07-26,16.25
1996-07-25,15.75
1996-07-24,16.25
1996-07-23,17.5
1996-07-22,19.0
1996-07-19,19.875
1996-07-18,19.5
1996-07-17,18.125
1996-07-16,17.75
1996-07-15,18.0
1996-07-12,17.0
1996-07-11,16.0
1996-07-10,18.75
1996-07-09,19.5
1996-07-08,20.0
1996-07-05,20.0
1996-07-03,21.75
1996-07-02,22.25
1996-07-01,20.5
1996-06-28,19.5
1996-06-27,21.25
1996-06-26,21.5
1996-06-25,21.75
1996-06-24,22.25
1996-06-21,22.25
1996-06-20,21.0
1996-06-19,21.0
1996-06-18,21.75
1996-06-17,24.75
1996-06-14,24.75
1996-06-13,25.749999
1996-06-12,25.749999
1996-06-11,26.124999
1996-06-10,26.874999
1996-06-07,27.249999
1996-06-06,28.5
1996-06-05,27.500001
1996-06-04,27.249999
1996-06-03,27.75
1996-05-31,28.749999
1996-05-30,27.500001
1996-05-29,28.749999
1996-05-28,29.25
1996-05-24,29.499999
1996-05-23,27.500001
1996-05-22,27.999999
1996-05-21,29.000001
1996-05-20,30.0
1996-05-17,30.249999
1996-05-16,29.750001
1996-05-15,30.0
1996-05-14,30.75
1996-05-13,31.374999
1996-05-10,30.75
1996-05-09,30.0
1996-05-08,30.500001
1996-05-07,30.0
1996-05-06,32.499999
1996-05-03,32.25
1996-05-02,31.5
1996-05-01,30.249999
1996-04-30,31.250001
1996-04-29,31.5
1996-04-26,32.000001
1996-04-25,30.0
1996-04-24,28.5
1996-04-23,28.749999
1996-04-22,29.000001
1996-04-19,30.125001
1996-04-18,30.125001
1996-04-17,28.250001
1996-04-16,32.25
1996-04-15,35.750001
1996-04-12,25.250001
